mid,Acertou na trave_casa,Acertou na trave_fora,Alívios_casa,Alívios_fora,Assistências esperadas (xA)_casa,Assistências esperadas (xA)_fora,Cantos_casa,Cantos_fora,Cartões vermelhos_casa,Cartões vermelhos_fora,Cruzamentos_casa,Cruzamentos_fora,Defesas guarda-redes_casa,Defesas guarda-redes_fora,Desarmes_casa,Desarmes_fora,Duelos ganhos_casa,Duelos ganhos_fora,Erros que dão golo_casa,Erros que dão golo_fora,Erros que dão remate_casa,Erros que dão remate_fora,Faltas_casa,Faltas_fora,Foras de Jogo_casa,Foras de Jogo_fora,Golos esperados (xG)_casa,Golos esperados (xG)_fora,Golos evitados_casa,Golos evitados_fora,Grandes oportunidades_casa,Grandes oportunidades_fora,Interceções_casa,Interceções_fora,Lançamentos_casa,Lançamentos_fora,Livres_casa,Livres_fora,Passes em profundidade certos_casa,Passes em profundidade certos_fora,Passes longos_casa,Passes longos_fora,Passes no último terço_casa,Passes no último terço_fora,Passes_casa,Passes_fora,Posse de bola_casa,Posse de bola_fora,Remates bloqueados_casa,Remates bloqueados_fora,Remates dentro da área_casa,Remates dentro da área_fora,Remates fora da área_casa,Remates fora da área_fora,Remates para fora_casa,Remates para fora_fora,Remates à baliza_casa,Remates à baliza_fora,Toques na área adversária_casa,Toques na área adversária_fora,Total remates_casa,Total remates_fora,xG remates à baliza (xGOT)_casa,xG remates à baliza (xGOT)_fora,xGOT enfrentado_casa,xGOT enfrentado_fora
lQQTzpqQ,2,0,6,19,1.55,0.09,6,1,0,1,25% (5/20),25% (1/4),0,2,57% (4/7),36% (4/11),22,38,0,0,0,1,13,4,3,0,1.95,0.01,0.00,-2.79,5,0,10,8,16,13,4,13,0,0,44% (16/36),43% (20/47),85% (222/261),60% (31/52),91% (598/659),85% (396/466),59%,41%,5,0,10,0,9,1,8,1,6,0,29,6,19,1,1.21,0.00,0.00,1.21
YyRPIpNs,1,0,14,18,1.58,0.21,2,2,,,44% (11/25),31% (4/13),2,2,67% (6/9),75% (6/8),43,41,0,0,0,0,11,10,0,3,1.55,1.03,-0.46,-0.34,4,1,3,9,14,10,10,11,0,0,65% (28/43),39% (21/54),81% (140/173),64% (51/80),89% (566/633),74% (184/250),71%,29%,3,1,9,5,6,3,6,3,6,4,21,9,15,8,3.66,1.54,1.54,3.66
ll9GRu6C,1,0,20,23,1.47,1.33,7,7,,,42% (11/26),21% (4/19),4,4,58% (11/19),53% (9/17),54,48,0,0,1,0,14,15,3,1,1.89,2.12,0.03,1.07,2,2,2,5,14,12,15,14,0,1,75% (21/28),69% (36/52),75% (95/127),88% (84/96),85% (287/337),90% (407/453),43%,57%,6,3,12,8,6,6,7,4,5,7,34,23,18,14,2.07,3.03,3.03,2.07
t2UXGOif,0,0,21,14,1.27,1.92,4,7,,,24% (4/17),47% (8/17),3,2,65% (13/20),80% (12/15),50,48,0,0,2,2,18,17,2,3,2.61,1.55,-0.20,0.25,6,2,9,19,20,18,17,18,2,0,46% (22/48),52% (22/42),68% (56/82),70% (57/82),87% (423/485),84% (307/364),57%,43%,4,4,11,10,3,6,6,8,4,4,17,16,14,16,1.25,0.80,0.80,1.25
l4kgO6aK,0,0,13,19,1.00,0.45,5,4,,,9% (1/11),50% (5/10),5,3,43% (6/14),61% (11/18),49,43,0,1,1,0,12,22,0,2,1.12,0.60,0.60,-1.17,5,1,10,4,18,18,22,12,1,0,62% (23/37),49% (18/37),69% (68/99),80% (86/107),88% (371/423),87% (330/379),53%,47%,3,4,9,6,3,8,4,5,5,5,16,14,12,14,0.83,0.60,0.60,0.83
K8HaVN6m,1,0,30,22,1.21,0.25,2,4,,,38% (5/13),0% (0/14),2,1,65% (11/17),50% (9/18),51,55,0,0,0,1,18,15,3,4,2.13,0.19,-0.06,-1.82,4,0,10,5,17,30,15,18,2,0,49% (22/45),43% (19/44),65% (62/96),63% (69/109),75% (200/266),77% (274/354),43%,57%,5,2,10,2,5,4,6,1,4,3,21,11,15,6,1.18,0.94,0.94,1.18
xUNtF2M6,2,0,12,21,2.04,0.22,9,3,,,25% (5/20),13% (1/8),4,4,64% (14/22),69% (11/16),49,44,1,0,0,0,8,12,1,5,1.92,0.32,-0.73,-0.68,4,1,14,11,9,8,12,8,0,0,68% (28/41),50% (12/24),76% (124/163),81% (71/88),87% (384/440),85% (332/390),54%,46%,5,2,17,1,2,7,7,2,7,4,40,6,19,8,2.32,0.27,0.27,2.32
rm2PPJzP,0,0,18,17,0.62,1.40,1,5,,,18% (2/11),18% (3/17),4,3,35% (6/17),80% (8/10),47,22,0,0,0,0,6,15,1,2,0.58,1.54,-1.39,0.19,1,3,4,13,12,10,15,6,0,1,67% (12/18),82% (31/38),81% (105/130),88% (136/154),90% (410/458),93% (555/596),43%,57%,5,3,6,7,5,6,3,2,3,8,14,29,11,13,0.19,2.61,2.61,0.19
tO58T1y0,0,0,12,39,1.15,0.34,10,1,,,24% (6/25),29% (2/7),2,7,60% (12/20),67% (8/12),59,47,0,0,0,1,16,18,1,2,2.27,0.55,0.22,1.36,2,1,8,3,16,16,18,16,1,0,47% (20/43),35% (13/37),63% (65/104),77% (82/107),75% (195/261),84% (385/457),38%,62%,7,1,12,3,9,5,6,5,8,2,35,8,21,8,2.36,0.22,0.22,2.36
AsMlDtiJ,0,1,3,39,1.13,0.65,2,3,,,21% (5/24),67% (4/6),3,5,56% (5/9),45% (5/11),34,40,0,0,1,1,11,10,4,1,2.67,2.39,-0.09,0.25,4,4,3,8,18,7,10,11,0,1,63% (25/40),47% (22/47),77% (86/112),63% (41/65),88% (437/495),83% (245/294),63%,37%,1,1,13,12,4,3,8,8,8,6,44,26,17,15,3.25,2.91,2.91,3.25
2ZBCBTFE,0,1,40,14,1.41,0.53,1,7,0,1,13% (2/15),15% (4/26),3,2,67% (12/18),71% (10/14),51,49,1,0,1,0,12,15,1,1,1.73,1.73,0.06,0.27,3,5,10,7,11,26,15,12,1,0,54% (26/48),53% (37/70),77% (84/109),70% (86/122),84% (286/341),82% (366/444),43%,57%,1,0,7,8,3,1,5,3,4,5,20,27,10,8,2.27,2.06,2.06,2.27
Cj0mREE8,3,1,15,25,0.95,0.72,10,6,0,1,42% (8/19),31% (4/13),2,9,79% (11/14),85% (11/13),54,51,2,0,2,0,16,15,0,1,1.91,2.35,-0.76,0.95,4,5,7,6,14,11,15,16,0,1,65% (20/31),35% (17/48),81% (132/162),58% (31/53),88% (391/445),74% (176/237),65%,35%,10,2,17,12,16,0,14,5,9,5,38,20,33,12,1.95,2.24,2.24,1.95
h0MSBxAc,0,0,16,31,1.82,0.18,4,3,,,32% (7/22),13% (2/16),1,3,60% (9/15),67% (8/12),46,42,0,0,0,0,11,5,0,0,1.52,0.02,0.01,-0.67,5,0,7,4,15,20,5,11,1,0,67% (30/45),48% (29/61),84% (214/254),60% (30/50),92% (670/726),79% (248/312),69%,31%,0,0,11,1,4,0,11,0,4,1,36,5,15,1,0.33,0.01,0.01,0.33
8zii4o8l,1,0,9,28,1.82,0.72,6,2,,,6% (1/16),10% (1/10),3,12,88% (14/16),50% (6/12),40,42,0,0,0,0,11,11,2,1,3.13,0.30,0.15,1.45,7,0,5,14,13,14,11,11,1,0,54% (13/24),31% (9/29),83% (185/223),76% (56/74),89% (537/602),85% (308/364),62%,38%,3,1,18,3,9,4,11,3,13,3,53,12,27,7,3.45,0.15,0.15,3.45
EDVHknge,0,0,35,27,1.58,1.25,4,9,,,19% (3/16),17% (4/24),4,4,72% (13/18),72% (13/18),77,54,0,0,0,1,16,19,0,2,1.47,0.54,0.62,-0.73,5,1,10,9,24,21,19,16,1,0,47% (26/55),38% (16/42),76% (70/92),64% (78/122),81% (317/392),75% (226/301),56%,44%,1,5,8,4,4,11,4,6,7,4,17,26,12,15,2.27,0.62,0.62,2.27
xGr8037D,0,1,8,24,0.90,0.69,5,3,,,50% (9/18),36% (4/11),3,3,57% (8/14),67% (10/15),49,43,0,0,0,0,13,12,2,0,0.54,1.81,-1.02,0.41,1,5,12,6,25,19,12,13,1,0,50% (23/46),53% (18/34),63% (59/94),66% (50/76),80% (270/339),79% (267/337),51%,49%,3,1,5,6,7,4,6,4,3,6,20,19,12,11,0.41,1.98,1.98,0.41
URz3J2e2,0,0,25,23,1.57,0.19,5,0,,,29% (5/17),22% (2/9),4,5,77% (10/13),67% (6/9),51,48,0,0,0,0,21,12,3,3,2.48,0.35,0.97,-0.30,4,0,7,9,14,24,12,21,1,0,46% (22/48),43% (22/51),68% (98/144),57% (37/65),85% (393/463),79% (285/363),56%,44%,3,2,12,3,8,4,8,2,9,3,33,6,20,7,3.70,0.97,0.97,3.70
tlka2Px1,0,0,34,17,0.44,1.93,0,7,,,33% (1/3),33% (10/30),6,1,76% (19/25),86% (6/7),54,45,0,0,0,1,15,18,5,0,1.17,2.26,1.34,-0.83,2,4,5,7,12,18,18,15,0,1,50% (28/56),67% (29/43),46% (27/59),81% (128/158),74% (184/248),91% (502/550),30%,70%,4,7,3,13,7,7,3,6,3,7,12,28,10,20,1.17,2.34,2.34,1.17
ljAK97pR,1,0,14,37,0.95,0.68,10,0,,,18% (6/33),22% (2/9),0,6,65% (17/26),73% (19/26),53,62,0,0,0,1,14,14,2,1,0.73,0.92,-1.27,-0.44,1,2,9,6,15,17,14,14,0,0,58% (29/50),46% (25/54),77% (138/179),62% (41/66),89% (457/512),83% (360/436),55%,45%,4,2,6,4,10,2,5,2,7,2,29,17,16,6,0.56,0.73,0.73,0.56
naFyAGvA,0,0,13,44,0.78,0.39,10,1,,,13% (5/40),20% (1/5),2,5,54% (7/13),44% (4/9),44,53,0,0,2,0,21,10,0,3,0.66,1.33,-0.08,0.27,1,2,10,11,18,19,10,21,0,1,38% (15/39),44% (21/48),75% (89/119),58% (34/59),84% (367/436),84% (372/444),51%,49%,5,3,7,3,7,5,4,1,5,4,21,8,14,8,0.27,1.92,1.92,0.27
YLYhUvRH,1,0,27,22,1.35,0.88,9,2,,,17% (4/24),38% (3/8),4,3,43% (10/23),50% (3/6),56,40,0,0,0,1,9,10,0,1,1.36,0.68,0.77,0.43,2,1,12,9,11,14,10,9,0,0,35% (19/55),44% (16/36),69% (75/109),73% (145/198),77% (242/314),87% (550/634),34%,66%,4,3,9,5,6,4,7,2,4,4,30,27,15,9,1.43,0.77,0.77,1.43
nPbSrvtB,0,0,13,21,1.78,0.59,7,4,0,1,41% (9/22),23% (3/13),0,3,72% (13/18),67% (10/15),51,42,1,1,0,1,13,18,2,1,2.02,0.60,-0.84,0.11,4,2,5,8,22,16,18,13,0,0,61% (30/49),54% (22/41),70% (57/81),58% (38/65),86% (387/451),82% (239/290),61%,39%,3,1,11,7,3,1,5,5,6,2,17,16,14,8,2.11,1.16,1.16,2.11
tMhAgefT,0,0,30,21,0.74,0.95,5,8,,,13% (2/15),5% (1/22),4,2,57% (8/14),36% (5/14),43,48,0,0,0,2,12,14,3,3,0.76,0.89,0.55,-0.20,1,0,2,4,14,16,14,12,1,1,41% (21/51),56% (20/36),70% (62/89),83% (151/181),77% (193/251),87% (382/438),37%,63%,4,5,6,4,5,9,4,5,3,3,18,19,11,13,0.80,0.55,0.55,0.80
Yek2eHPG,0,1,24,19,0.85,1.61,3,9,,,23% (3/13),35% (7/20),9,1,79% (11/14),40% (2/5),41,49,0,0,0,1,15,11,0,3,2.48,2.18,1.88,-0.29,4,4,11,4,7,19,11,15,0,0,40% (21/52),69% (22/32),66% (40/61),78% (149/192),72% (147/203),88% (534/606),26%,74%,5,8,11,18,5,7,8,8,3,9,17,45,16,25,1.71,1.88,1.88,1.71
8vmysIAN,1,0,18,25,0.65,0.41,9,3,,,15% (3/20),18% (2/11),2,5,75% (12/16),50% (9/18),47,46,0,0,0,0,11,15,2,2,1.26,0.40,0.46,0.29,1,0,22,10,14,19,15,11,0,0,65% (24/37),61% (20/33),78% (92/118),77% (74/96),86% (325/376),82% (288/352),52%,48%,4,5,11,7,6,4,6,4,7,2,34,22,17,11,2.29,0.46,0.46,2.29
tSeKp0Bb,1,0,46,16,0.88,1.48,3,4,,,22% (2/9),22% (5/23),4,3,63% (12/19),53% (9/17),65,47,0,3,0,0,13,14,4,3,2.31,1.13,0.62,-2.08,5,2,6,3,18,34,14,13,1,0,38% (23/61),43% (22/51),51% (35/68),63% (87/139),71% (182/256),77% (294/384),39%,61%,3,3,9,5,7,9,5,6,8,5,19,20,16,14,2.92,1.62,1.62,2.92
QgUtlZHj,1,0,23,19,1.05,1.29,7,5,,,38% (11/29),13% (2/16),3,5,78% (14/18),75% (12/16),51,48,0,0,2,0,17,15,4,2,2.01,2.13,-0.10,0.96,4,3,5,11,23,14,15,17,0,1,57% (24/42),44% (18/41),76% (71/93),71% (53/75),85% (300/353),87% (388/444),45%,55%,7,4,14,9,4,6,3,6,8,5,24,20,18,15,1.96,0.90,0.90,1.96
p02BnMtn,1,0,22,21,1.99,0.25,3,4,,,18% (2/11),17% (2/12),1,5,63% (5/8),63% (10/16),39,34,0,1,1,1,8,11,0,2,4.43,0.09,0.04,-0.58,10,0,6,14,13,14,11,8,3,0,46% (16/35),40% (14/35),77% (98/127),71% (76/107),89% (495/556),84% (358/428),56%,44%,2,1,13,1,3,4,3,3,11,1,35,12,16,5,5.42,0.04,0.04,5.42
vNw7ydYp,0,0,29,41,1.65,0.29,8,3,,,41% (13/32),8% (1/12),1,3,67% (8/12),58% (7/12),55,43,0,0,0,1,10,9,4,0,1.74,0.38,-0.40,0.62,5,0,5,8,27,31,9,10,0,0,60% (34/57),28% (17/60),76% (122/161),55% (53/96),86% (385/450),68% (163/240),66%,34%,6,4,15,3,3,5,9,2,3,2,41,12,18,8,0.62,0.60,0.60,0.62
fVLgaaQi,0,2,31,2,0.88,2.19,2,4,1,0,67% (2/3),32% (8/25),3,3,36% (5/14),60% (9/15),37,41,0,0,0,1,10,8,2,2,1.11,2.16,0.16,0.67,2,5,12,8,9,26,8,10,1,1,33% (18/54),56% (20/36),64% (32/50),82% (180/220),77% (218/282),91% (669/733),28%,72%,1,4,6,12,2,3,3,7,4,4,8,26,8,15,1.67,1.16,1.16,1.67
SrK1cwe4,0,0,22,20,0.52,1.03,5,3,0,1,11% (2/18),38% (5/13),4,7,43% (6/14),71% (10/14),42,41,0,0,1,0,10,14,0,1,2.82,2.14,-0.43,0.16,5,4,6,5,11,13,14,10,0,0,54% (20/37),50% (22/44),81% (60/74),79% (107/136),87% (335/386),88% (408/465),46%,54%,5,8,10,12,9,10,3,8,11,6,22,24,19,22,3.16,1.57,1.57,3.16
QknxYMRh,3,0,23,30,1.84,0.43,5,0,,,36% (8/22),20% (4/20),1,3,50% (9/18),40% (6/15),60,50,0,0,1,0,13,10,0,2,1.50,0.19,-0.34,-0.18,4,0,11,11,19,17,10,13,0,0,54% (22/41),61% (39/64),73% (106/145),73% (70/96),83% (424/508),81% (353/435),54%,46%,5,0,16,2,8,2,15,2,4,2,40,15,24,4,0.82,0.66,0.66,0.82
vaDJFuCO,0,1,35,13,0.27,1.36,6,12,,,16% (3/19),24% (8/34),2,2,78% (7/9),75% (6/8),27,35,0,0,0,0,11,10,3,3,0.39,1.20,0.21,-1.79,0,1,9,4,7,9,10,11,0,0,48% (15/31),81% (29/36),70% (45/64),84% (148/176),90% (429/478),89% (392/439),51%,49%,2,3,3,10,4,4,1,9,5,2,12,25,8,14,1.21,0.21,0.21,1.21
IPrUZrct,0,0,11,27,0.89,0.68,9,3,0,1,8% (2/26),40% (4/10),0,3,86% (12/14),57% (8/14),33,48,0,1,0,1,18,8,1,3,1.84,0.29,0.00,-0.85,4,1,8,6,19,14,8,18,1,0,62% (21/34),65% (36/55),79% (78/99),75% (86/114),86% (299/349),86% (350/405),47%,53%,3,3,10,3,6,1,7,1,6,0,19,10,16,4,2.15,0.00,0.00,2.15
UmS1SIeU,0,1,22,29,0.76,0.64,8,2,,,22% (6/27),19% (3/16),3,0,75% (6/8),63% (12/19),40,58,0,0,0,0,19,12,0,0,0.56,0.72,-1.37,-0.12,1,1,8,7,15,17,12,19,0,0,44% (16/36),40% (21/53),76% (93/123),63% (54/86),86% (411/480),78% (246/314),61%,39%,2,1,7,5,4,9,8,9,1,5,15,11,11,15,0.88,0.63,0.63,0.88
n5zoW0d5,0,0,15,27,1.80,0.29,11,1,1,1,25% (6/24),11% (1/9),1,3,62% (8/13),75% (6/8),46,48,0,0,0,1,10,11,1,0,2.75,0.40,0.07,0.73,3,0,8,7,12,11,11,10,3,0,51% (19/37),37% (15/41),78% (127/162),65% (58/89),87% (449/516),85% (365/428),55%,45%,7,3,15,2,4,5,8,3,4,1,41,8,19,7,1.73,0.07,0.07,1.73
6oFBH1sC,0,1,31,17,0.73,0.66,3,8,0,1,30% (3/10),13% (3/23),5,3,45% (13/29),57% (8/14),68,51,0,0,0,0,15,18,0,2,1.52,1.13,0.56,0.10,2,1,6,11,19,15,18,15,0,1,22% (11/49),57% (31/54),64% (48/75),71% (85/120),82% (355/435),83% (334/402),51%,49%,1,7,7,9,1,5,2,2,5,5,15,23,8,14,2.10,0.56,0.56,2.10
bNjNwhbE,0,0,21,25,1.44,0.35,4,6,,,0% (0/12),29% (6/21),2,6,80% (12/15),71% (12/17),48,46,0,1,0,2,10,19,2,0,2.17,0.25,0.69,0.12,2,0,7,9,21,8,19,10,1,0,58% (21/36),71% (34/48),79% (147/186),71% (55/77),90% (481/535),87% (327/376),58%,42%,6,1,10,3,13,2,8,3,9,1,24,10,23,5,3.12,0.69,0.69,3.12
Qy73JNCa,0,1,23,43,1.05,0.67,7,6,,,20% (7/35),13% (2/15),4,2,86% (6/7),50% (6/12),45,54,0,0,0,0,15,19,3,3,0.82,0.85,0.25,0.31,1,2,7,3,12,15,19,15,0,0,51% (24/47),50% (21/42),69% (97/140),75% (64/85),83% (342/412),80% (286/359),54%,46%,7,8,3,10,11,8,5,6,2,4,33,20,14,18,0.31,0.25,0.25,0.31
IB3eLqrm,1,0,18,17,1.52,1.31,7,1,,,44% (7/16),40% (6/15),3,4,77% (10/13),67% (8/12),39,48,0,0,0,0,17,8,2,0,2.18,1.36,-0.21,-0.25,4,2,5,9,13,15,8,17,2,0,58% (25/43),66% (40/61),69% (84/121),75% (85/114),86% (377/440),90% (494/550),45%,55%,5,1,12,7,4,4,4,5,7,5,27,12,16,11,2.75,1.79,1.79,2.75
CErzIAye,0,0,29,40,0.28,0.91,3,5,1,2,26% (6/23),9% (2/22),4,3,61% (11/18),93% (14/15),74,49,0,0,0,0,8,15,4,2,0.29,0.80,-0.55,0.39,0,3,8,4,16,15,15,8,0,0,50% (23/46),50% (13/26),50% (32/64),83% (177/212),69% (135/197),89% (462/518),29%,71%,3,6,4,8,6,8,4,4,3,6,13,27,10,16,0.39,1.45,1.45,0.39
4piOQp3S,1,0,20,20,0.57,0.32,4,5,,,27% (4/15),23% (3/13),1,1,22% (2/9),60% (9/15),39,45,0,1,0,2,15,17,0,2,2.00,0.31,-0.62,-0.67,4,1,12,9,19,24,17,15,1,0,49% (21/43),51% (21/41),67% (61/91),62% (47/76),82% (265/325),81% (314/389),46%,54%,2,4,7,4,6,2,7,1,4,2,20,11,13,7,2.33,0.38,0.38,2.33
v1pSJW6r,0,1,16,36,2.80,1.39,10,2,,,32% (12/38),38% (3/8),2,7,70% (7/10),58% (11/19),58,54,1,0,2,0,6,14,1,2,3.82,1.92,-0.66,1.05,4,5,4,9,14,15,14,6,1,1,60% (12/20),32% (19/60),83% (168/203),55% (36/66),89% (463/520),65% (142/218),71%,29%,9,2,15,6,9,5,7,4,8,5,60,21,24,11,3.05,2.34,2.34,3.05
WGbyGl67,0,0,34,17,1.05,1.45,3,9,,,13% (2/16),32% (9/28),5,4,65% (17/26),56% (10/18),49,50,1,1,1,1,19,13,1,2,1.74,1.76,-0.39,-1.13,3,4,10,12,26,23,13,19,1,0,45% (22/49),43% (16/37),60% (46/77),74% (108/146),77% (195/253),86% (388/449),36%,64%,2,4,7,10,5,7,3,6,7,7,13,27,12,17,1.87,2.61,2.61,1.87
z5a7US33,0,0,41,13,0.41,0.96,3,5,,,20% (2/10),30% (9/30),3,1,75% (12/16),73% (11/15),49,49,0,1,1,1,14,12,2,4,1.75,1.56,0.29,-0.11,2,1,5,11,19,21,12,14,1,0,37% (19/52),52% (17/33),59% (39/66),79% (125/158),71% (174/245),89% (485/545),31%,69%,2,4,5,9,4,4,4,5,3,4,10,28,9,13,1.89,1.29,1.29,1.89
KG3ePhqL,0,0,23,22,0.48,0.34,5,3,,,35% (7/20),10% (2/20),2,7,56% (10/18),63% (5/8),53,33,0,0,1,0,12,17,3,1,1.72,0.26,0.16,0.85,2,1,5,9,15,13,17,12,0,0,57% (24/42),52% (17/33),75% (75/100),80% (86/107),86% (308/357),90% (561/621),37%,63%,8,1,13,3,11,2,7,2,9,2,26,8,24,5,2.85,0.16,0.16,2.85
OUXfLOQk,0,1,35,17,0.79,0.59,5,7,,,27% (6/22),17% (5/29),1,5,55% (11/20),88% (14/16),55,47,0,0,1,1,13,12,2,1,1.99,1.60,-0.10,0.40,3,2,6,9,21,17,12,13,0,0,60% (24/40),57% (20/35),78% (108/138),73% (99/135),84% (347/412),85% (355/419),49%,51%,5,6,13,8,4,8,6,8,6,2,31,19,17,16,1.40,0.90,0.90,1.40
Iox9i8Or,0,0,24,50,1.15,0.68,6,3,1,0,26% (9/35),25% (4/16),0,9,55% (6/11),53% (8/15),68,51,0,0,1,1,16,14,2,1,1.38,0.12,0.00,2.39,3,0,4,8,21,14,14,16,0,0,50% (31/62),25% (15/60),74% (148/200),46% (33/72),84% (474/564),63% (150/238),70%,30%,2,0,12,1,9,3,10,4,9,0,37,6,21,4,2.39,0.00,0.00,2.39
WWhGS6YF,0,0,23,29,2.01,0.99,7,5,,,36% (9/25),27% (6/22),2,6,73% (11/15),57% (8/14),47,42,0,0,2,0,11,7,1,3,2.86,1.35,-0.43,0.48,3,3,10,7,10,13,7,11,2,1,53% (21/40),49% (27/55),77% (134/173),67% (64/95),86% (442/514),77% (262/342),60%,40%,9,6,19,12,8,3,9,5,9,4,41,24,27,15,3.48,1.57,1.57,3.48
MwZPmQN7,1,0,19,18,2.27,0.66,3,7,0,1,43% (6/14),31% (5/16),5,3,43% (6/14),59% (13/22),44,55,0,0,0,0,14,12,1,1,2.86,0.85,0.58,-0.46,6,1,13,8,22,13,12,14,3,1,42% (20/48),33% (17/52),59% (58/98),62% (62/100),80% (303/381),76% (255/336),53%,47%,4,3,13,8,7,3,11,3,5,5,21,13,20,11,1.54,0.58,0.58,1.54
dv6oSgXr,0,0,15,38,0.89,1.02,8,5,,,25% (6/24),38% (5/13),4,4,73% (11/15),90% (9/10),48,47,0,0,2,0,11,15,0,2,1.25,1.48,1.17,0.32,2,2,12,10,19,22,15,11,0,0,48% (20/42),53% (20/38),72% (113/158),59% (39/66),82% (360/439),83% (306/368),55%,45%,5,1,9,9,8,2,7,6,5,4,28,17,17,11,1.32,1.17,1.17,1.32
GKpCDfIk,0,1,49,6,0.18,3.97,4,15,2,0,14% (1/7),29% (10/35),7,1,50% (6/12),50% (2/4),32,30,1,1,1,1,5,5,0,1,0.41,3.73,-0.73,-0.43,1,6,8,6,7,23,5,5,0,1,23% (11/48),54% (14/26),44% (18/41),89% (268/302),69% (134/194),90% (517/573),25%,75%,3,9,5,21,2,15,2,14,2,13,7,49,7,36,0.57,4.27,4.27,0.57
GGAOhZbD,1,0,23,27,0.71,1.04,9,6,,,37% (10/27),21% (4/19),2,5,72% (13/18),79% (11/14),54,40,0,1,0,0,15,10,2,1,1.29,2.14,0.44,-0.31,3,3,6,13,21,13,10,15,0,0,66% (46/70),49% (28/57),77% (114/148),68% (63/92),88% (437/497),81% (283/351),59%,41%,5,1,13,6,4,6,4,6,8,5,32,17,17,12,2.69,3.44,3.44,2.69
Ms9D8osp,1,0,14,28,0.99,0.54,7,5,1,0,16% (3/19),26% (5/19),4,7,60% (9/15),50% (5/10),55,45,1,1,0,0,15,18,2,1,1.28,2.06,-0.09,-0.29,1,4,5,12,12,10,18,15,0,0,50% (20/40),44% (18/41),76% (104/136),76% (55/72),85% (331/388),85% (283/333),54%,46%,4,9,13,18,9,3,9,6,9,6,26,31,22,21,1.71,1.91,1.91,1.71
8vqvfnSj,0,0,41,21,1.11,1.00,8,8,,,17% (4/24),16% (4/25),5,6,53% (10/19),63% (12/19),62,58,0,0,0,0,15,17,2,0,1.24,1.11,2.06,-1.05,3,0,4,10,25,15,17,15,0,1,42% (15/36),43% (22/51),69% (77/111),63% (60/95),83% (328/397),76% (236/312),56%,44%,5,6,11,8,6,7,4,3,8,6,25,18,17,15,0.95,3.06,3.06,0.95
lEpj5Czh,1,1,14,31,1.51,1.23,10,3,,,16% (4/25),43% (6/14),2,2,60% (6/10),47% (7/15),39,50,1,1,1,1,14,12,1,1,2.60,2.49,0.49,-1.14,4,4,4,12,15,15,12,14,2,0,65% (11/17),66% (19/29),84% (155/184),77% (62/81),91% (531/585),84% (253/301),66%,34%,3,4,12,13,2,5,7,10,4,4,34,27,14,18,1.86,2.49,2.49,1.86
Gt4a1UZG,0,0,16,47,1.74,0.37,9,4,,,18% (6/33),20% (3/15),3,5,100% (8/8),65% (13/20),56,52,1,0,1,0,7,20,2,4,0.87,0.42,-0.07,-0.41,1,2,1,11,25,11,20,7,1,1,58% (14/24),33% (15/46),81% (171/211),60% (31/52),89% (607/681),67% (128/192),78%,22%,6,0,7,4,9,3,5,3,5,4,35,6,16,7,0.59,0.93,0.93,0.59
MJQQHkKc,1,1,25,16,0.74,0.52,5,1,,,40% (8/20),20% (2/10),2,5,65% (13/20),75% (9/12),59,41,0,0,2,0,16,16,2,1,0.96,0.56,0.14,0.74,3,1,8,9,12,15,16,16,1,1,65% (30/46),45% (24/53),74% (104/140),64% (52/81),84% (298/356),83% (331/400),47%,53%,0,1,7,3,8,5,10,4,5,3,14,9,15,8,0.74,0.14,0.14,0.74
jaIsE7JM,0,2,22,22,0.80,0.86,6,7,,,24% (5/21),24% (5/21),3,0,67% (6/9),75% (9/12),40,44,0,0,0,0,16,21,3,2,1.11,0.64,0.14,0.00,1,1,5,4,22,10,21,16,1,0,32% (16/50),48% (19/40),73% (53/73),78% (93/119),77% (222/290),84% (379/450),40%,60%,4,2,7,6,3,5,6,6,0,3,16,18,10,11,0.00,0.14,0.14,0.00
xdh8a84T,0,0,12,37,0.43,0.27,7,1,,,23% (6/26),17% (3/18),1,3,65% (11/17),76% (16/21),51,45,0,0,0,0,9,20,1,2,0.53,1.27,-0.13,0.23,0,1,5,11,27,16,20,9,0,0,57% (27/47),51% (21/41),72% (95/132),71% (48/68),85% (435/512),80% (217/272),65%,35%,3,3,3,5,9,4,6,4,3,2,12,13,12,9,0.23,0.87,0.87,0.23
fXOYFTlA,1,1,25,27,0.67,1.27,6,5,,,13% (2/16),36% (8/22),2,4,53% (8/15),73% (8/11),47,65,0,0,0,1,22,15,2,3,1.93,2.29,0.37,-0.09,5,5,4,5,17,15,15,22,1,0,39% (22/56),49% (17/35),69% (65/94),67% (58/87),74% (194/262),85% (384/450),37%,63%,5,4,14,13,2,3,5,8,6,4,23,26,16,16,1.91,2.37,2.37,1.91
8G0i3j54,0,1,10,29,1.75,0.53,7,1,1,0,17% (6/35),44% (4/9),2,3,75% (9/12),41% (7/17),43,51,1,1,0,0,18,15,2,3,1.46,1.80,-0.86,-0.43,3,4,4,7,21,15,15,18,0,0,63% (12/19),48% (19/40),81% (120/149),53% (27/51),92% (531/576),81% (192/236),71%,29%,4,0,10,6,4,4,6,5,4,5,22,12,14,10,0.57,2.14,2.14,0.57
rccM6PBd,0,1,36,30,0.38,2.49,4,4,,,31% (5/16),21% (4/19),1,2,63% (12/19),87% (13/15),40,57,3,0,0,0,12,6,2,3,0.40,2.35,-2.09,-1.17,1,5,6,1,16,26,6,12,1,1,43% (20/47),64% (32/50),61% (45/74),78% (137/176),79% (205/260),89% (542/608),31%,69%,1,5,4,14,3,6,2,10,4,5,13,32,7,20,0.83,1.91,1.91,0.83
YP8tk0pf,1,0,19,39,1.55,0.34,13,5,,,33% (8/24),9% (2/22),2,11,62% (13/21),83% (10/12),63,50,0,0,0,0,11,8,1,2,2.09,0.39,0.15,0.25,4,0,8,13,19,16,8,11,2,1,56% (36/64),49% (20/41),61% (71/117),57% (56/99),79% (294/371),78% (249/319),54%,46%,8,1,17,4,14,5,9,5,14,3,44,19,31,9,2.25,0.15,0.15,2.25
2JuWaHbC,0,0,18,32,1.24,0.30,5,4,,,45% (10/22),18% (2/11),3,2,56% (9/16),69% (11/16),48,62,0,0,1,0,17,12,1,0,0.74,0.49,0.48,-0.05,2,2,5,11,16,12,12,17,0,0,51% (23/45),52% (28/54),69% (76/110),65% (53/82),85% (333/392),75% (183/244),62%,38%,4,2,7,3,6,4,6,1,3,4,21,9,13,7,0.95,1.48,1.48,0.95
2yZ1drhK,0,0,21,17,1.70,1.22,4,3,,,47% (7/15),23% (3/13),2,3,43% (6/14),67% (8/12),47,46,0,0,0,0,24,10,1,3,2.48,1.41,0.56,1.79,6,1,7,9,10,18,10,24,0,2,63% (31/49),61% (35/57),83% (93/112),64% (58/91),83% (282/339),84% (381/451),43%,57%,4,3,12,8,4,2,8,5,4,2,29,16,16,10,1.79,0.56,0.56,1.79
Ui2kmvF6,1,0,18,17,0.71,0.93,3,5,0,1,18% (3/17),44% (7/16),0,2,100% (11/11),80% (8/10),40,41,0,1,1,1,14,18,1,1,0.81,1.76,-0.31,-0.66,1,4,8,4,10,15,18,14,0,0,43% (15/35),49% (20/41),76% (84/110),76% (88/116),85% (342/403),86% (394/457),47%,53%,3,5,7,13,8,2,8,8,4,2,16,25,15,15,1.34,1.69,1.69,1.34
IDrp9LyQ,0,0,17,34,0.94,0.79,13,3,0,1,21% (7/33),33% (4/12),4,4,59% (10/17),64% (9/14),36,39,0,0,0,1,6,8,2,1,1.09,0.72,0.81,-0.97,1,1,5,3,14,14,8,6,1,1,71% (22/31),46% (17/37),84% (163/195),75% (67/89),90% (445/493),84% (277/329),61%,39%,11,3,11,6,12,6,5,5,7,4,33,19,23,12,2.03,0.81,0.81,2.03
YwlF3aam,0,1,12,40,0.97,0.51,5,6,,,24% (8/34),19% (3/16),5,6,88% (7/8),63% (5/8),40,37,0,0,0,1,15,17,2,0,1.47,0.62,-0.17,1.44,3,3,14,11,25,15,17,15,0,0,53% (29/55),39% (15/38),68% (79/116),73% (72/98),83% (337/404),79% (250/316),57%,43%,2,0,10,6,7,3,9,3,6,6,31,11,17,9,1.44,0.83,0.83,1.44
n9AYjMFs,2,0,16,28,2.41,0.52,8,3,,,31% (8/26),29% (4/14),0,7,67% (10/15),43% (3/7),36,31,0,0,0,0,10,11,3,0,3.23,0.99,0.46,1.74,5,1,7,7,15,11,11,10,3,0,51% (23/45),60% (15/25),85% (110/130),79% (57/72),90% (394/439),91% (386/425),51%,49%,8,6,17,8,6,4,6,6,9,1,34,17,23,13,3.74,0.46,0.46,3.74
250coIqJ,0,1,16,25,1.66,0.20,6,1,0,2,36% (5/14),15% (2/13),4,4,63% (5/8),58% (11/19),37,43,0,0,0,1,20,15,1,0,2.22,0.43,0.30,-0.19,2,1,6,5,19,23,15,20,0,0,45% (17/38),43% (24/56),71% (92/130),71% (56/79),83% (328/396),77% (223/290),58%,42%,8,1,12,4,7,4,5,3,6,4,28,8,19,8,1.81,1.30,1.30,1.81
dKc4s9ro,1,0,20,21,0.66,1.44,4,5,,,36% (5/14),7% (1/14),2,2,65% (15/23),71% (12/17),67,47,0,0,1,0,21,19,4,3,1.12,1.75,-0.01,0.92,1,3,10,8,8,14,19,21,0,1,53% (23/43),47% (24/51),64% (63/99),68% (74/109),84% (366/434),83% (303/366),54%,46%,6,0,8,5,6,2,6,3,2,4,22,12,14,7,0.92,1.99,1.99,0.92
fgxO1wUa,0,0,28,33,1.11,0.73,4,4,,,27% (7/26),20% (3/15),4,2,59% (10/17),41% (7/17),72,56,0,0,0,0,13,21,1,3,1.17,0.73,0.33,0.19,2,1,6,7,19,21,21,13,2,0,40% (23/58),46% (22/48),57% (43/75),65% (67/103),72% (216/298),79% (331/418),43%,57%,2,3,9,4,2,5,6,2,3,4,16,18,11,9,1.19,0.33,0.33,1.19
j38gV5gL,1,0,13,35,1.19,0.92,6,5,,,15% (5/33),29% (2/7),4,8,70% (7/10),50% (9/18),50,41,0,0,2,0,11,15,0,2,1.83,1.90,0.01,1.58,1,4,12,8,15,13,15,11,0,0,63% (19/30),37% (18/49),84% (132/158),64% (49/77),92% (522/565),81% (293/361),62%,38%,10,1,11,6,13,5,6,4,8,6,30,17,24,11,1.58,2.01,2.01,1.58
lY8SsqwR,0,0,23,32,2.32,0.09,7,1,0,1,38% (9/24),25% (2/8),2,8,69% (9/13),57% (8/14),53,48,0,0,1,1,18,10,4,0,1.83,0.27,0.08,2.00,1,0,7,8,16,20,10,18,0,0,52% (13/25),38% (21/55),86% (184/215),47% (27/57),90% (527/585),60% (107/179),76%,24%,8,3,9,2,12,4,4,1,9,2,28,9,21,6,2.00,0.08,0.08,2.00
zVtGYv0D,0,0,12,26,0.99,0.33,4,1,,,29% (6/21),40% (2/5),3,10,68% (17/25),88% (14/16),62,52,0,0,1,0,16,15,0,2,0.85,0.94,-0.14,1.94,1,1,8,11,22,23,15,16,0,0,52% (17/33),35% (24/68),65% (73/113),57% (46/80),82% (318/390),80% (320/401),51%,49%,1,6,7,6,5,8,1,3,10,5,20,20,12,14,1.94,1.86,1.86,1.94
6kkaxN0l,1,1,15,24,1.49,0.60,4,3,,,29% (5/17),20% (2/10),2,4,60% (6/10),50% (8/16),52,48,0,0,0,0,11,20,1,2,1.57,0.75,0.97,0.18,4,2,3,4,16,22,20,11,0,0,43% (17/40),39% (16/41),83% (123/148),56% (41/73),87% (464/535),71% (164/232),69%,31%,6,1,13,5,4,2,5,3,6,3,30,10,17,7,2.18,1.97,1.97,2.18
v3m7z1V0,1,0,11,21,0.77,0.55,4,5,0,1,7% (1/15),14% (2/14),3,3,69% (11/16),75% (6/8),46,33,0,1,0,1,14,15,2,1,1.12,0.29,0.52,-0.17,2,0,8,3,13,15,15,14,1,0,67% (31/46),45% (14/31),73% (80/110),78% (82/105),86% (312/361),89% (409/462),44%,56%,4,1,6,2,8,2,5,1,5,3,22,18,14,5,1.83,0.52,0.52,1.83
nZgPPqHr,1,1,29,18,1.40,1.02,5,8,,,33% (5/15),32% (8/25),3,2,58% (7/12),67% (10/15),24,42,0,1,0,0,14,8,0,1,2.79,0.86,0.10,-0.12,3,2,7,11,23,14,8,14,0,0,71% (15/21),53% (19/36),79% (95/120),78% (84/108),91% (467/516),88% (331/378),57%,43%,3,4,10,6,3,8,6,7,4,3,24,19,13,14,1.88,0.10,0.10,1.88
fyFpXRO8,0,0,16,25,1.33,0.13,9,8,1,0,29% (7/24),7% (1/15),2,7,63% (10/16),57% (4/7),50,38,0,0,0,1,16,15,0,3,2.67,0.16,0.08,0.49,4,0,6,7,11,21,15,16,1,0,68% (26/38),46% (23/50),75% (130/173),47% (32/68),86% (513/595),74% (210/282),67%,33%,4,2,13,0,12,4,11,0,10,2,34,4,25,4,3.49,0.08,0.08,3.49
0CSXL1G7,1,0,14,40,0.59,0.29,7,2,,,15% (4/27),33% (3/9),1,1,43% (3/7),46% (6/13),45,41,0,0,0,0,11,22,2,0,0.90,0.37,0.03,0.27,1,0,3,5,22,22,22,11,0,0,71% (24/34),50% (19/38),73% (87/119),55% (24/44),89% (459/515),82% (229/278),66%,34%,3,4,5,5,5,5,6,5,1,1,20,13,10,10,0.27,0.03,0.03,0.27
t85Kq58E,2,1,21,22,0.83,0.44,5,3,,,13% (2/15),28% (8/29),6,7,73% (11/15),76% (13/17),34,47,0,0,0,0,15,11,1,1,2.12,1.24,2.10,0.19,4,1,11,7,23,17,11,15,2,0,34% (13/38),50% (22/44),76% (92/121),67% (60/90),81% (273/337),84% (330/395),45%,55%,1,2,9,8,4,2,3,1,10,7,14,21,14,10,3.19,3.10,3.10,3.19
hnPPNNoe,0,0,18,28,1.50,0.30,7,4,,,29% (7/24),31% (4/13),7,4,67% (12/18),57% (13/23),70,62,1,0,0,0,15,22,2,2,1.25,0.62,-0.62,0.45,1,2,5,9,17,20,22,15,0,0,59% (16/27),39% (24/61),77% (99/129),68% (48/71),87% (436/503),69% (164/238),68%,32%,4,3,8,5,7,8,7,2,4,8,31,13,15,13,0.45,0.38,0.38,0.45
lWodnIJj,1,0,10,23,1.16,0.17,9,3,,,20% (3/15),18% (2/11),0,4,64% (7/11),50% (9/18),37,43,0,0,0,0,17,10,2,2,1.12,0.17,0.00,-0.27,1,0,4,12,23,14,10,17,0,0,57% (21/37),46% (26/56),71% (114/161),70% (55/79),86% (456/531),82% (301/369),59%,41%,2,0,7,3,5,3,5,6,5,0,26,9,12,6,0.73,0.00,0.00,0.73
n7czHFYA,0,1,29,30,0.84,0.81,4,8,0,1,30% (7/23),32% (6/19),4,4,67% (8/12),40% (2/5),57,51,0,0,0,0,24,16,2,1,1.07,0.93,1.15,1.18,1,1,7,11,19,16,16,24,0,0,45% (34/75),42% (28/67),55% (54/99),60% (75/126),72% (226/314),75% (221/295),52%,48%,1,3,9,4,4,6,8,3,4,4,23,13,13,10,1.18,1.15,1.15,1.18
IeXE9XQp,0,0,17,33,0.68,0.58,5,3,,,15% (4/26),22% (2/9),2,1,53% (10/19),68% (13/19),43,40,1,0,0,0,11,7,1,0,0.63,1.68,-0.36,0.61,0,2,5,11,25,14,7,11,0,0,50% (22/44),44% (21/48),73% (116/160),62% (57/92),85% (409/479),82% (371/451),52%,48%,6,1,2,7,9,1,4,2,1,5,21,18,11,8,0.61,2.64,2.64,0.61
vsfSIy4b,1,0,30,36,1.25,0.36,6,6,,,23% (5/22),11% (2/19),5,7,63% (10/16),35% (6/17),49,54,0,0,0,0,14,8,4,0,1.59,1.41,0.08,1.05,5,2,6,9,18,17,8,14,1,0,60% (33/55),51% (22/43),78% (101/130),67% (80/119),87% (368/424),81% (281/347),55%,45%,3,1,11,5,7,4,6,1,9,7,30,18,18,9,3.05,2.08,2.08,3.05
6HD9VEm4,0,0,21,20,1.13,0.30,4,3,0,1,23% (3/13),17% (2/12),3,4,75% (12/16),56% (9/16),69,42,0,0,0,2,11,32,1,0,2.67,0.34,0.20,-0.84,4,1,9,7,14,18,32,11,1,0,50% (23/46),43% (15/35),74% (67/91),74% (72/97),85% (300/351),83% (282/338),51%,49%,4,2,14,4,6,5,9,3,7,4,27,12,20,9,2.16,1.20,1.20,2.16
8MoqFg3N,1,0,20,17,1.24,0.64,5,4,,,25% (3/12),58% (7/12),3,3,70% (16/23),62% (8/13),48,38,0,0,0,0,10,10,2,1,1.50,0.87,0.87,0.12,3,2,2,10,20,19,10,10,2,0,56% (28/50),55% (27/49),78% (124/159),69% (71/103),88% (498/566),85% (347/409),58%,42%,4,4,12,4,2,5,5,2,5,3,27,11,14,9,2.12,0.87,0.87,2.12
6FYkBp2k,0,0,49,13,0.15,1.60,5,11,,,0% (0/7),15% (5/33),3,0,67% (10/15),75% (9/12),51,57,0,0,0,0,10,13,4,1,0.89,1.19,0.55,-0.37,1,1,17,4,17,23,13,10,0,0,40% (24/60),72% (26/36),54% (31/57),80% (208/259),62% (106/171),88% (622/707),19%,81%,1,4,1,11,4,7,3,11,2,3,5,39,6,18,0.63,0.55,0.55,0.63
SUMb9OW1,0,0,29,32,0.44,0.68,7,1,1,0,18% (4/22),25% (4/16),3,2,69% (9/13),79% (15/19),42,40,0,0,0,1,6,9,1,3,0.55,0.86,-0.25,-0.30,2,0,10,13,26,12,9,6,0,0,62% (29/47),66% (27/41),67% (62/93),84% (119/141),81% (246/302),91% (525/577),36%,64%,5,6,5,10,6,4,3,3,3,5,14,26,11,14,0.70,1.75,1.75,0.70
rF0JKcZo,2,0,26,34,2.41,0.35,6,3,,,14% (3/22),67% (2/3),1,6,55% (11/20),62% (16/26),46,53,0,0,0,0,13,10,1,1,2.25,1.08,0.14,0.55,4,1,10,6,27,14,10,13,2,0,55% (21/38),31% (15/49),75% (106/141),60% (50/83),89% (466/524),81% (312/386),58%,42%,6,4,14,7,7,1,8,4,7,1,35,16,21,9,1.55,0.14,0.14,1.55
Y3F1XzJi,0,0,25,22,0.50,1.20,3,7,,,11% (1/9),24% (7/29),6,2,43% (3/7),85% (11/13),29,41,0,0,0,0,9,13,2,0,0.31,1.91,0.75,-0.10,1,2,6,7,17,10,13,9,1,1,52% (24/46),56% (20/36),76% (114/150),84% (124/148),89% (464/524),90% (408/454),53%,47%,2,4,1,9,5,7,1,6,3,6,7,18,6,16,0.90,0.75,0.75,0.90
2q7IThIG,0,0,22,40,0.95,0.39,5,6,0,1,27% (7/26),13% (2/15),4,2,62% (8/13),58% (11/19),41,67,0,0,0,1,23,13,3,2,0.95,1.21,1.09,1.01,2,2,6,5,21,20,13,23,1,0,23% (7/31),49% (28/57),65% (54/83),64% (34/53),79% (225/286),83% (351/422),42%,58%,2,4,9,7,2,4,7,2,2,5,13,11,11,11,1.01,2.09,2.09,1.01
YH8ywW2b,1,0,19,27,1.11,0.49,6,5,0,1,28% (5/18),35% (6/17),2,6,72% (13/18),86% (18/21),60,50,0,0,0,0,9,13,0,1,1.95,0.46,0.36,1.56,3,0,7,15,18,23,13,9,0,0,60% (28/47),34% (18/53),77% (118/154),64% (48/75),87% (453/521),81% (329/407),56%,44%,4,1,10,8,8,1,7,6,7,2,24,15,18,9,2.56,0.36,0.36,2.56
Y5pU5U8C,0,1,21,41,0.95,0.83,3,3,,,21% (8/39),40% (6/15),1,4,93% (13/14),62% (13/21),69,59,0,0,0,0,13,18,1,1,0.90,1.86,-0.18,0.56,1,2,12,8,27,22,18,13,0,0,49% (19/39),34% (16/47),73% (123/168),48% (29/60),83% (420/505),57% (105/185),73%,27%,3,3,7,8,6,2,6,5,4,2,22,20,13,10,0.56,0.82,0.82,0.56
ptCtFYoQ,0,0,25,8,0.12,0.80,1,4,,,25% (1/4),11% (2/18),4,3,75% (9/12),60% (12/20),43,54,0,1,2,1,15,19,0,0,0.98,0.57,0.62,-0.34,2,1,12,7,16,29,19,15,0,2,32% (16/50),39% (20/51),57% (52/91),66% (65/99),82% (361/439),82% (399/486),47%,53%,3,4,2,6,9,6,3,4,5,4,6,15,11,12,1.66,0.62,0.62,1.66
S2Q90flU,0,0,25,24,1.06,0.43,4,2,,,46% (12/26),40% (4/10),1,2,56% (5/9),57% (8/14),54,61,0,0,0,0,24,22,0,3,0.96,0.20,0.02,0.02,1,0,8,9,20,23,22,24,0,0,51% (28/55),40% (17/42),66% (56/85),54% (47/87),78% (267/342),83% (393/474),43%,57%,3,4,13,4,6,5,13,4,3,1,26,15,19,9,1.02,0.02,0.02,1.02
vTEg4xk5,0,0,19,23,2.56,0.86,11,5,,,28% (5/18),28% (5/18),1,4,62% (13/21),63% (10/16),55,32,0,1,0,1,9,12,0,0,3.01,0.79,0.06,-0.48,6,1,10,5,13,12,12,9,1,0,58% (22/38),42% (11/26),81% (133/164),86% (93/108),90% (473/528),89% (311/350),59%,41%,6,5,15,8,8,5,7,7,10,1,40,15,23,13,3.52,0.06,0.06,3.52
ngI12GJH,0,1,25,35,0.75,0.93,9,5,,,34% (11/32),11% (1/9),2,2,92% (12/13),77% (10/13),59,47,0,0,0,0,11,14,5,1,0.88,1.36,-0.68,0.29,1,1,11,10,14,12,14,11,0,1,55% (24/44),56% (33/59),70% (81/115),60% (58/97),85% (337/398),84% (324/388),52%,48%,8,4,9,9,12,1,10,2,3,4,25,24,21,10,0.29,1.32,1.32,0.29
IDQp6bKh,0,1,33,15,1.35,1.66,3,6,,,44% (4/9),32% (6/19),2,3,59% (16/27),60% (9/15),54,51,0,0,1,0,18,13,4,2,2.32,1.30,0.11,0.33,3,1,6,8,10,26,13,18,0,2,36% (15/42),64% (43/67),69% (61/88),76% (85/112),78% (231/296),88% (489/556),35%,65%,3,6,10,10,3,3,5,5,5,2,22,28,13,13,2.33,0.11,0.11,2.33
6Jrx48wP,0,0,34,11,1.01,0.72,3,7,,,33% (3/9),13% (4/30),3,6,71% (10/14),38% (3/8),41,30,0,0,0,0,11,17,0,5,3.52,0.45,1.05,0.64,7,0,8,6,12,30,17,11,0,0,58% (15/26),43% (10/23),70% (45/64),80% (116/145),84% (299/356),89% (461/519),40%,60%,0,2,9,5,3,5,3,5,9,3,17,17,12,10,3.64,1.05,1.05,3.64
K2KfiVgJ,0,1,31,15,0.29,0.58,1,8,0,1,0% (0/3),44% (8/18),7,1,74% (17/23),50% (10/20),62,56,0,1,0,0,13,16,1,0,1.74,1.20,-0.01,-1.09,4,1,11,8,11,32,16,13,0,0,52% (23/44),45% (26/58),72% (89/124),63% (68/108),80% (325/405),79% (338/428),48%,52%,2,6,6,11,2,9,2,5,4,9,17,25,8,20,1.91,1.99,1.99,1.91
AmNx8Kkt,0,0,23,21,0.48,0.76,3,6,,,12% (2/17),33% (9/27),4,3,58% (7/12),56% (14/25),45,61,0,0,0,0,13,17,1,0,2.04,0.90,0.69,-0.04,3,3,5,6,21,20,17,13,0,0,55% (24/44),42% (21/50),69% (83/120),75% (91/122),86% (399/466),83% (306/370),55%,45%,0,5,6,8,4,10,6,9,4,4,12,22,10,18,0.96,0.69,0.69,0.96
UDmD9C9m,0,1,14,28,0.98,0.51,5,3,,,26% (5/19),36% (4/11),1,0,73% (11/15),56% (5/9),53,47,0,0,0,0,15,20,3,1,1.45,0.23,0.02,-0.96,2,0,6,16,24,18,20,15,1,0,50% (28/56),46% (13/28),67% (79/118),60% (50/83),86% (460/533),82% (268/327),62%,38%,6,4,11,3,2,5,6,3,1,1,20,13,13,8,0.04,0.02,0.02,0.04
MVjUv14d,0,1,14,39,0.52,0.31,8,2,,,15% (5/33),28% (5/18),1,1,71% (5/7),44% (8/18),46,51,0,0,0,1,12,18,0,1,0.64,0.50,0.11,-0.11,1,1,6,4,15,18,18,12,0,0,62% (26/42),46% (16/35),73% (90/124),64% (37/58),89% (500/563),81% (224/278),67%,33%,6,3,6,6,7,3,6,5,1,1,22,9,13,9,0.89,0.11,0.11,0.89
feZUdZPs,0,0,17,33,0.62,0.90,4,3,1,0,20% (3/15),19% (3/16),4,3,58% (11/19),71% (12/17),47,65,0,1,0,0,20,8,0,3,2.12,0.98,-0.36,-0.64,4,2,4,3,17,19,8,20,0,0,38% (20/53),52% (23/44),53% (40/75),82% (85/104),73% (165/227),88% (401/454),34%,66%,3,1,8,4,1,7,1,4,5,6,15,14,9,11,1.36,0.64,0.64,1.36
OfcbFst9,0,1,20,23,0.67,1.16,5,3,,,17% (2/12),33% (6/18),1,5,47% (8/17),67% (8/12),48,36,0,0,0,0,11,16,0,0,2.86,0.93,0.31,1.43,3,2,14,8,11,9,16,11,0,0,55% (26/47),58% (15/26),72% (71/99),84% (162/194),84% (297/353),90% (557/619),36%,64%,5,3,12,9,6,5,6,10,7,1,23,26,18,14,3.43,0.31,0.31,3.43
raKBivl2,1,0,27,28,1.05,0.37,2,1,0,1,47% (9/19),8% (1/13),1,3,50% (6/12),33% (3/9),44,39,1,0,0,0,20,15,1,1,1.12,0.59,0.02,-0.28,1,1,12,5,9,16,15,20,0,0,61% (23/38),41% (19/46),81% (118/145),62% (42/68),87% (376/430),77% (208/269),61%,39%,8,1,10,1,13,3,11,1,4,2,34,6,23,4,0.72,1.02,1.02,0.72
jNSweDff,0,2,10,51,1.85,0.28,10,2,3,1,34% (14/41),33% (3/9),1,9,83% (10/12),63% (5/8),46,49,0,0,0,0,16,9,2,2,2.17,0.53,-1.28,2.32,5,2,6,6,20,12,9,16,1,0,47% (23/49),40% (19/47),77% (143/186),70% (38/54),84% (356/424),82% (304/373),55%,45%,6,1,19,5,8,1,12,2,9,3,40,17,27,6,2.32,0.72,0.72,2.32
GlzXbMeS,0,1,18,21,0.73,0.67,5,4,,,18% (4/22),42% (5/12),0,2,58% (15/26),53% (8/15),54,50,0,0,0,0,22,12,2,2,1.88,0.53,-0.95,-1.68,1,1,9,10,25,25,12,22,0,0,34% (10/29),56% (31/55),71% (69/97),72% (49/68),80% (218/272),84% (394/471),38%,62%,5,2,13,3,6,2,9,2,5,1,23,10,19,5,1.32,0.05,0.05,1.32
zZG3g0Jk,0,0,10,24,1.82,0.27,9,2,,,50% (12/24),0% (0/12),2,2,91% (10/11),65% (11/17),47,34,0,0,0,0,12,18,2,1,1.81,0.92,0.14,-2.06,3,1,7,8,25,16,18,12,0,0,65% (36/55),30% (15/50),72% (92/127),72% (69/96),87% (436/503),82% (330/402),56%,44%,2,0,13,3,4,3,10,3,5,3,25,9,17,6,0.94,1.14,1.14,0.94
OzRogiP6,0,0,34,36,1.46,0.76,5,4,,,30% (8/27),25% (5/20),7,5,50% (3/6),29% (4/14),38,45,0,0,0,0,13,17,1,2,1.59,0.84,1.05,0.43,7,1,6,12,11,17,17,13,1,1,50% (18/36),52% (23/44),71% (105/147),67% (68/102),84% (342/407),77% (223/290),58%,42%,6,5,12,9,5,6,5,2,6,8,36,29,17,15,1.43,2.05,2.05,1.43
lxqG24d3,0,0,25,13,0.97,1.00,3,2,,,31% (5/16),31% (5/16),1,5,71% (10/14),36% (4/11),46,41,1,0,0,0,21,17,0,0,1.26,0.97,-1.19,0.78,1,4,7,7,12,14,17,21,0,1,57% (25/44),58% (19/33),64% (50/78),80% (103/129),84% (305/361),90% (485/539),40%,60%,2,1,8,6,8,5,9,5,5,5,14,12,16,11,0.78,1.81,1.81,0.78
ryxP0rRF,0,0,12,38,1.52,1.09,8,3,,,32% (8/25),25% (3/12),1,7,56% (10/18),64% (7/11),53,38,0,1,0,1,9,14,2,1,3.03,1.12,0.03,-0.08,5,2,11,2,17,12,14,9,0,0,69% (50/72),49% (22/45),79% (138/175),66% (45/68),88% (451/512),81% (256/318),62%,38%,8,1,19,4,7,2,6,3,12,2,42,10,26,6,4.92,1.03,1.03,4.92
xhSj8atA,0,0,8,40,1.84,0.76,6,0,,,18% (4/22),33% (4/12),0,6,60% (9/15),52% (11/21),51,54,1,1,0,2,9,15,1,0,1.70,0.44,-0.86,-0.60,5,1,4,8,24,17,15,9,1,0,55% (30/55),38% (13/34),78% (146/186),64% (32/50),85% (474/557),76% (209/276),67%,33%,3,1,11,4,8,4,6,6,10,1,29,5,19,8,3.40,0.14,0.14,3.40
GtMnQX1e,0,0,15,28,0.64,0.49,5,5,,,25% (5/20),31% (5/16),2,4,69% (9/13),59% (10/17),44,44,0,1,2,1,13,13,3,0,1.23,0.88,-0.53,-0.50,1,3,12,3,22,15,13,13,0,0,44% (19/43),45% (19/42),65% (55/85),71% (72/102),79% (253/320),82% (342/418),43%,57%,2,2,7,9,4,3,3,7,6,3,16,18,11,12,1.50,0.47,0.47,1.50
nRmLztMU,0,0,26,19,1.40,1.70,5,9,,,38% (5/13),36% (9/25),1,2,74% (14/19),50% (8/16),38,45,0,1,1,0,13,8,2,1,1.68,2.28,-0.08,-0.34,4,4,10,11,7,10,8,13,1,0,64% (30/47),58% (14/24),75% (73/97),82% (159/195),86% (362/419),91% (440/483),46%,54%,7,9,9,13,6,6,3,8,5,2,29,31,15,19,2.66,0.92,0.92,2.66
UXBknqCM,2,2,47,35,0.58,1.06,2,7,,,20% (2/10),24% (8/33),5,2,53% (9/17),45% (9/20),46,61,0,1,0,2,16,16,3,1,1.86,1.57,1.23,-0.16,3,3,6,9,13,18,16,16,0,0,47% (28/59),52% (16/31),66% (59/89),75% (114/152),77% (247/321),87% (380/439),41%,59%,2,3,8,11,3,6,4,9,5,5,18,22,11,17,2.84,1.23,1.23,2.84
M9FgSNKj,1,1,14,43,1.54,1.20,10,3,,,28% (8/29),33% (4/12),4,6,69% (9/13),60% (12/20),50,47,1,0,0,1,11,15,5,1,1.75,2.27,0.45,1.07,2,3,11,6,16,12,15,11,0,2,60% (18/30),49% (20/41),82% (155/190),73% (76/104),89% (448/502),81% (262/322),61%,39%,8,5,13,12,14,5,12,7,7,5,35,22,27,17,2.07,1.45,1.45,2.07
AVell5sA,0,0,16,23,0.36,0.54,3,1,0,2,7% (1/14),0% (0/7),3,2,63% (12/19),63% (15/24),50,55,0,0,0,3,22,14,1,0,0.60,0.71,0.68,-0.30,2,2,7,10,17,12,14,22,0,1,67% (33/49),61% (30/49),78% (130/167),76% (67/88),88% (424/482),89% (404/454),52%,48%,5,3,4,4,7,4,3,2,3,3,12,18,11,8,0.70,0.68,0.68,0.70
0G2LtNZq,0,0,18,16,0.79,0.78,8,1,1,0,42% (10/24),25% (3/12),1,6,67% (10/15),71% (12/17),52,46,0,1,1,1,14,15,3,2,1.80,1.86,-0.13,0.74,3,2,5,5,17,23,15,14,0,1,43% (19/44),55% (30/55),62% (48/78),69% (61/88),81% (285/352),81% (312/384),49%,51%,5,1,12,7,4,1,4,4,7,3,24,13,16,8,1.74,1.87,1.87,1.74
UBzFZ5SG,0,0,37,23,0.93,0.94,4,7,,,43% (6/14),19% (4/21),3,3,56% (15/27),64% (9/14),61,45,0,0,0,0,12,12,1,1,1.87,1.22,-0.62,0.09,2,4,3,7,27,29,12,12,1,0,36% (16/45),37% (16/43),64% (58/91),62% (46/74),77% (235/305),77% (216/282),51%,49%,1,3,8,7,4,7,6,4,5,7,20,21,12,14,2.09,2.38,2.38,2.09
txPbwlTi,0,0,22,44,2.12,0.69,5,0,0,2,24% (8/34),30% (3/10),0,3,57% (4/7),73% (11/15),34,40,1,0,0,0,11,14,1,2,3.18,1.34,-1.03,-1.04,6,4,8,5,28,11,14,11,1,0,55% (18/33),31% (13/42),79% (129/163),51% (36/70),89% (498/558),70% (140/201),74%,26%,1,2,11,4,2,3,6,2,7,3,26,6,14,7,2.96,1.97,1.97,2.96
x4I7ySc4,0,0,33,8,0.47,1.20,2,6,,,40% (4/10),33% (9/27),0,0,81% (13/16),85% (11/13),39,52,0,0,0,0,19,14,0,1,2.14,1.59,0.00,-0.41,4,1,9,11,16,27,14,19,0,0,36% (20/56),48% (12/25),55% (33/60),72% (81/113),71% (183/257),84% (376/445),36%,64%,5,12,7,12,3,8,2,8,3,1,16,26,10,21,2.59,0.00,0.00,2.59
jRONXqcT,0,0,12,40,2.18,0.20,6,2,0,1,37% (14/38),20% (2/10),2,6,69% (9/13),60% (9/15),42,40,0,0,0,1,18,7,0,1,3.08,0.31,0.08,0.99,3,0,3,5,14,14,7,18,0,0,66% (31/47),27% (17/64),83% (192/231),53% (33/62),89% (457/513),80% (308/385),58%,42%,9,1,19,3,9,2,12,3,7,1,43,6,28,5,1.99,0.08,0.08,1.99
lrxDFpyo,0,0,15,14,1.27,0.20,4,2,,,27% (3/11),8% (1/12),1,7,38% (5/13),63% (10/16),43,38,0,0,0,0,12,14,3,2,1.69,0.14,0.04,0.48,3,0,9,8,10,12,14,12,2,0,78% (31/40),62% (26/42),75% (80/107),71% (71/100),89% (401/452),91% (526/579),44%,56%,2,4,8,0,6,5,2,0,10,1,16,7,14,5,3.48,0.04,0.04,3.48
xIctjRCc,2,0,43,27,0.74,0.79,6,4,,,22% (4/18),25% (6/24),3,5,53% (10/19),64% (7/11),43,65,0,1,0,2,15,11,0,0,1.62,0.93,0.24,-1.14,3,1,9,6,15,24,11,15,1,1,34% (18/53),35% (19/55),62% (62/100),52% (49/94),76% (252/331),81% (389/483),41%,59%,1,6,11,8,4,5,7,4,7,3,18,17,15,13,0.86,0.24,0.24,0.86
E3zO6GhD,0,0,26,32,1.98,0.28,4,2,0,1,37% (10/27),0% (0/13),5,2,56% (9/16),86% (12/14),54,39,0,0,0,0,16,19,1,1,0.98,1.02,1.64,0.32,2,1,7,8,16,20,19,16,0,0,60% (27/45),47% (28/60),79% (147/185),72% (68/95),88% (470/537),78% (261/336),62%,38%,8,4,9,6,6,5,5,2,2,5,30,11,15,11,0.32,1.64,1.64,0.32
rscYMSrB,0,0,10,50,1.38,1.06,8,6,0,1,18% (7/39),30% (3/10),1,5,62% (8/13),50% (3/6),47,38,0,0,0,1,12,9,0,0,1.00,1.43,-0.39,0.23,1,2,9,11,26,8,9,12,1,1,66% (23/35),28% (15/53),75% (162/217),52% (25/48),88% (556/633),65% (141/218),75%,25%,10,1,13,6,11,2,9,4,5,3,37,15,24,8,0.23,1.61,1.61,0.23
MR8POlEb,0,1,39,25,0.62,0.92,6,3,,,22% (5/23),19% (4/21),3,1,82% (14/17),82% (9/11),59,53,0,0,0,0,14,15,3,2,2.12,0.52,0.69,0.09,2,1,3,7,11,30,15,14,0,0,48% (23/48),63% (36/57),64% (51/80),71% (87/122),79% (219/277),85% (409/479),37%,63%,2,1,8,8,1,5,4,9,3,3,14,23,9,13,1.09,0.69,0.69,1.09
tAS9UJpK,0,1,18,33,1.01,0.20,6,4,0,1,35% (6/17),15% (2/13),1,6,64% (9/14),50% (3/6),39,43,0,0,0,0,19,10,2,0,1.50,0.27,-0.86,0.02,2,1,7,9,10,17,10,19,1,0,51% (25/49),52% (24/46),71% (98/139),73% (58/80),84% (354/420),83% (338/405),51%,49%,3,3,8,3,7,7,5,5,7,2,22,5,15,10,2.02,0.14,0.14,2.02
Y77lNywf,2,0,10,35,0.91,0.26,10,0,,,29% (10/34),25% (1/4),0,6,82% (14/17),65% (13/20),44,61,1,0,0,0,20,18,1,1,2.50,0.67,-0.03,1.28,5,2,3,13,27,19,18,20,0,0,64% (16/25),50% (26/52),76% (120/158),63% (26/41),88% (442/505),79% (229/290),64%,36%,4,2,15,3,9,1,13,1,7,1,35,4,24,4,2.28,0.97,0.97,2.28
E15HQAqn,0,1,11,35,0.63,0.61,3,4,,,15% (3/20),43% (3/7),1,3,73% (19/26),75% (21/28),65,76,0,0,0,0,21,16,4,1,1.49,0.58,0.01,-0.24,2,1,14,8,35,26,16,21,0,1,47% (15/32),52% (38/73),71% (85/120),60% (45/75),85% (409/481),78% (299/384),56%,44%,4,1,5,5,5,0,2,2,4,2,20,12,10,5,0.76,1.01,1.01,0.76
S60cLF76,0,2,32,37,1.42,0.44,12,5,,,24% (10/42),23% (5/22),3,5,50% (9/18),65% (11/17),72,51,1,0,0,0,13,18,2,0,1.04,1.65,0.32,-0.02,3,2,6,9,27,25,18,13,0,0,79% (33/42),42% (29/69),78% (113/145),70% (72/103),85% (387/455),72% (209/289),61%,39%,3,5,10,7,4,6,6,4,5,4,25,20,14,13,0.98,1.32,1.32,0.98
Qs4tPc8s,0,0,18,16,1.26,0.46,1,3,,,18% (2/11),20% (3/15),3,3,68% (15/22),92% (12/13),50,45,0,0,1,0,7,15,2,0,2.00,0.71,0.98,-0.36,5,2,5,15,18,14,15,7,1,0,43% (20/46),47% (18/38),72% (75/104),72% (65/90),83% (328/397),87% (437/503),44%,56%,2,1,7,3,4,6,3,5,6,3,17,8,11,9,2.64,0.98,0.98,2.64
UcetL6DN,0,2,12,30,0.58,0.83,3,1,,,24% (4/17),0% (0/3),3,2,67% (10/15),60% (12/20),51,48,0,0,0,0,15,13,3,2,1.14,2.00,0.14,-0.06,3,3,16,6,20,24,13,15,0,0,50% (22/44),42% (19/45),69% (81/118),65% (48/74),83% (318/384),82% (344/418),49%,51%,6,2,7,8,5,3,2,4,4,5,18,19,12,11,1.94,2.14,2.14,1.94
0Kb5JgxJ,2,0,13,25,1.71,0.15,5,1,,,10% (2/21),50% (5/10),2,1,44% (4/9),47% (7/15),55,43,0,0,0,1,12,16,2,2,1.20,0.20,0.15,0.22,1,0,9,9,22,22,16,12,3,0,60% (31/52),28% (16/58),79% (137/173),44% (24/54),88% (563/642),67% (174/258),71%,29%,4,2,8,2,5,4,8,2,1,2,16,8,13,6,0.22,0.15,0.15,0.22
Q7mXcL9r,2,0,15,40,0.82,0.41,7,3,,,21% (7/33),43% (6/14),5,2,65% (11/17),75% (9/12),60,46,0,0,0,1,14,18,0,0,0.77,0.71,0.22,0.11,1,1,8,9,21,12,18,14,0,0,32% (8/25),45% (28/62),77% (140/183),69% (55/80),87% (440/507),79% (266/336),61%,39%,4,1,8,3,7,4,9,0,2,6,26,16,15,7,0.11,1.22,1.22,0.11
Uy213snL,1,0,13,21,0.47,0.58,5,3,,,11% (2/18),40% (6/15),0,4,50% (8/16),60% (9/15),55,52,0,0,0,0,16,21,0,0,2.04,0.64,-0.75,1.49,4,0,11,5,19,16,21,16,1,0,41% (28/69),41% (15/37),61% (54/88),63% (73/115),82% (334/409),81% (354/438),48%,52%,5,4,10,8,6,5,6,7,5,2,17,26,16,13,2.49,1.25,1.25,2.49
MZttdave,0,1,30,32,0.35,0.89,5,7,,,38% (5/13),34% (10/29),5,0,64% (9/14),53% (10/19),39,48,0,0,0,0,10,11,1,1,0.73,1.38,-0.37,-1.21,2,2,4,6,26,24,11,10,0,1,47% (27/58),60% (40/67),52% (46/88),72% (93/130),77% (265/343),87% (437/503),41%,59%,3,6,5,10,3,8,3,5,2,7,14,21,8,18,0.79,1.63,1.63,0.79
GhQrGKVQ,0,0,36,14,0.37,0.70,1,4,,,13% (2/15),12% (3/25),4,4,57% (13/23),54% (13/24),73,73,0,0,0,1,13,18,1,3,0.63,0.57,0.31,-0.58,1,2,9,6,13,24,18,13,0,1,32% (15/47),50% (27/54),76% (93/122),66% (91/138),82% (324/395),73% (251/342),53%,47%,3,1,7,5,5,6,4,6,5,4,20,20,12,11,0.42,0.31,0.31,0.42
SCL6s0P1,0,1,22,19,0.58,0.76,4,2,,,8% (1/12),25% (3/12),1,1,65% (11/17),47% (8/17),44,53,0,1,1,0,10,13,4,1,0.82,0.96,0.49,-0.32,2,1,3,9,20,23,13,10,1,1,47% (21/45),44% (19/43),69% (63/91),64% (55/86),83% (340/408),86% (397/463),47%,53%,2,3,5,7,3,5,3,8,3,1,26,15,8,12,1.68,0.49,0.49,1.68
8SMzIt1E,0,0,38,33,0.38,0.41,1,5,,,11% (2/18),8% (2/24),3,3,67% (8/12),67% (10/15),37,39,1,0,0,0,8,13,1,2,1.64,1.05,0.21,-0.37,3,2,3,5,20,18,13,8,0,0,43% (20/47),45% (19/42),75% (65/87),72% (79/110),85% (359/423),86% (351/408),50%,50%,3,1,6,3,4,3,1,1,6,4,15,18,10,6,2.63,1.21,1.21,2.63
SWqlfw97,0,0,41,11,0.62,1.09,4,11,1,0,11% (1/9),29% (13/45),5,4,57% (8/14),60% (12/20),39,54,0,0,0,0,11,8,0,2,1.32,1.41,0.64,0.38,2,2,11,6,11,21,8,11,1,0,37% (23/62),60% (18/30),58% (48/83),85% (186/219),76% (193/255),91% (518/568),30%,70%,4,9,6,15,5,11,2,12,5,5,9,28,11,26,1.38,0.64,0.64,1.38
8j5N8xO0,0,0,10,33,0.74,0.08,7,1,,,27% (8/30),11% (1/9),1,2,76% (13/17),62% (8/13),70,48,0,0,0,0,20,18,1,1,0.63,1.15,0.19,-0.15,1,1,10,10,26,17,18,20,0,0,65% (28/43),42% (21/50),67% (77/115),46% (24/52),83% (347/416),82% (281/341),56%,44%,7,0,7,3,7,2,4,3,3,2,25,8,14,5,0.85,1.19,1.19,0.85
Y98h53H8,0,0,40,12,0.70,1.41,3,9,,,11% (1/9),35% (8/23),4,2,68% (19/28),69% (9/13),56,50,0,1,0,0,13,13,0,1,1.08,1.45,1.06,-0.42,1,1,21,11,13,30,13,13,0,2,36% (22/61),49% (19/39),75% (58/77),62% (82/132),79% (291/369),80% (315/396),47%,53%,5,7,7,16,5,5,3,11,4,3,19,31,12,21,1.58,1.06,1.06,1.58
zw7FAbgl,0,1,24,44,0.73,0.69,8,5,,,18% (5/28),29% (4/14),6,3,57% (13/23),71% (10/14),59,57,0,0,0,2,17,16,1,3,0.87,0.66,1.04,-0.65,2,2,11,6,15,23,16,17,0,1,54% (31/57),54% (25/46),71% (82/115),60% (45/75),86% (337/394),84% (305/362),53%,47%,3,3,9,9,6,3,7,3,5,6,21,14,15,12,0.35,1.04,1.04,0.35
dCmBGxiK,1,0,21,34,0.87,1.03,7,1,,,27% (7/26),13% (2/16),3,3,65% (11/17),46% (6/13),49,41,0,0,0,1,7,17,1,1,2.07,1.18,0.31,1.39,4,4,6,12,15,16,17,7,0,2,57% (16/28),52% (25/48),73% (101/138),73% (87/119),85% (363/425),88% (454/517),46%,54%,4,2,8,10,9,2,9,6,4,4,19,18,17,12,2.39,1.31,1.31,2.39
zqKT3a7E,1,0,14,32,1.72,0.55,6,2,0,1,33% (11/33),29% (2/7),2,4,44% (8/18),59% (10/17),59,50,1,0,1,0,20,13,1,1,2.15,0.67,-0.46,0.38,4,2,4,7,12,10,13,20,2,0,55% (17/31),26% (11/42),80% (105/132),60% (28/47),90% (452/504),79% (202/256),67%,33%,4,2,12,6,7,3,9,4,6,3,30,12,19,9,2.38,0.54,0.54,2.38
ADfFhrId,0,1,19,35,0.38,0.48,7,4,,,11% (3/27),13% (2/15),5,1,46% (6/13),78% (14/18),47,42,0,0,0,0,10,18,0,1,0.63,0.80,0.33,-0.53,1,1,6,11,22,13,18,10,0,1,63% (40/64),38% (18/47),78% (114/146),66% (57/86),87% (388/447),78% (231/298),60%,40%,1,0,5,5,8,3,9,2,3,6,16,10,13,8,1.47,1.33,1.33,1.47
ravZCC3B,0,0,28,25,1.39,0.49,4,3,,,38% (8/21),25% (4/16),1,3,71% (10/14),67% (6/9),61,37,0,0,0,0,16,17,1,2,1.68,0.28,0.02,1.04,2,1,10,7,15,24,17,16,1,0,55% (24/44),50% (26/52),67% (74/110),66% (64/97),80% (287/358),83% (396/475),44%,56%,9,0,13,4,6,0,6,3,4,1,26,14,19,4,2.04,0.02,0.02,2.04
0KpGdiJU,2,1,19,42,1.86,0.28,3,7,,,24% (4/17),45% (5/11),3,2,45% (10/22),53% (9/17),56,77,0,0,0,1,15,12,0,0,2.54,0.52,-0.01,0.40,5,1,5,9,20,15,12,15,2,0,48% (25/52),41% (21/51),76% (108/143),47% (27/58),86% (439/513),80% (261/325),61%,39%,5,3,9,5,5,6,6,4,3,4,25,17,14,11,1.40,0.99,0.99,1.40
6ZlBhQX2,1,0,10,30,1.73,0.54,8,1,1,1,38% (10/26),38% (3/8),0,4,86% (6/7),80% (12/15),47,53,1,0,0,0,18,15,0,2,4.41,0.62,-0.67,1.47,10,3,7,6,27,5,15,18,0,0,44% (15/34),40% (21/52),71% (96/135),68% (56/82),85% (366/433),80% (271/340),57%,43%,3,0,17,6,2,0,10,3,6,3,39,15,19,6,3.47,2.33,2.33,3.47
6cXcqMfk,0,1,33,30,0.39,0.66,8,7,,,12% (2/17),32% (7/22),4,3,58% (11/19),63% (10/16),57,60,0,0,1,1,17,9,3,1,0.70,0.77,0.16,-0.04,2,0,7,7,18,22,9,17,0,0,31% (14/45),40% (17/42),63% (51/81),64% (49/77),72% (171/236),82% (280/342),41%,59%,5,8,4,13,8,6,4,8,3,3,18,31,12,19,0.96,0.16,0.16,0.96
2mi7f4mp,0,0,36,25,1.07,0.57,4,11,,,33% (7/21),10% (3/30),3,2,67% (14/21),39% (7/18),43,44,0,1,0,1,10,10,1,0,1.43,0.53,0.34,-0.69,4,0,10,8,25,26,10,10,0,0,67% (22/33),55% (23/42),69% (75/109),78% (89/114),87% (411/472),83% (348/418),52%,48%,6,4,11,8,5,4,6,5,4,3,24,27,16,12,1.31,0.34,0.34,1.31
zZzREYYb,1,0,14,17,0.95,0.24,11,2,,,40% (10/25),11% (1/9),4,6,50% (2/4),59% (10/17),51,52,0,0,0,0,11,15,2,3,2.30,1.08,1.19,-1.76,5,2,4,6,20,11,15,11,0,0,49% (26/53),28% (13/46),71% (85/120),43% (24/56),86% (399/464),68% (166/243),66%,34%,6,3,16,6,7,2,7,0,10,5,30,15,23,8,2.24,2.19,2.19,2.24
GWKPGf4n,0,1,32,21,0.77,1.08,7,4,1,0,25% (3/12),30% (7/23),2,1,79% (11/14),70% (7/10),41,44,0,0,0,0,14,9,1,0,0.72,0.76,0.47,-0.52,1,2,8,8,13,19,9,14,0,0,32% (14/44),53% (25/47),61% (45/74),87% (207/239),79% (237/300),89% (578/649),32%,68%,3,4,5,7,3,6,3,7,2,2,11,20,8,13,0.48,0.47,0.47,0.48
zFtSlrXR,1,0,26,18,0.45,1.59,3,6,,,13% (2/15),20% (3/15),4,4,44% (7/16),44% (4/9),47,51,0,0,1,2,13,11,0,3,2.14,1.17,0.71,1.94,3,2,9,3,13,22,11,13,0,1,46% (18/39),57% (28/49),78% (56/72),76% (115/152),75% (194/257),86% (476/556),32%,68%,1,1,8,9,7,5,9,8,5,5,13,27,15,14,2.94,1.71,1.71,2.94
vmmJj42F,1,1,20,33,1.42,0.35,10,6,1,1,20% (6/30),6% (1/16),3,4,36% (4/11),56% (10/18),49,49,0,0,0,1,17,14,3,1,1.12,0.76,-0.10,0.86,2,0,5,5,15,12,14,17,0,0,43% (16/37),38% (21/55),76% (94/123),81% (103/127),84% (305/365),85% (374/440),46%,54%,5,3,14,7,3,4,8,4,4,4,29,13,17,11,0.86,0.90,0.90,0.86
tQYsALBc,0,0,28,26,1.38,0.78,6,5,,,27% (6/22),33% (6/18),3,1,68% (17/25),60% (9/15),53,49,0,0,0,0,18,11,1,1,2.20,1.56,-1.13,-1.40,6,3,11,12,16,24,11,18,0,0,67% (39/58),48% (15/31),76% (81/107),64% (59/92),87% (416/479),81% (303/372),56%,44%,4,1,12,7,3,5,7,5,4,6,27,16,15,12,1.60,1.87,1.87,1.60
zDaj2ekg,0,1,34,36,0.74,0.39,6,5,,,27% (9/33),10% (2/20),1,4,50% (9/18),68% (15/22),65,54,0,0,1,0,11,12,1,0,0.61,0.84,-0.16,0.10,1,2,10,5,12,21,12,11,0,0,60% (25/42),38% (15/39),80% (132/164),68% (60/88),88% (427/487),79% (232/294),62%,38%,4,2,4,7,9,3,4,5,5,3,28,16,13,10,1.10,1.84,1.84,1.10
4ApwevrQ,1,0,25,24,0.70,0.45,3,3,0,1,23% (7/31),35% (6/17),5,4,77% (10/13),71% (12/17),42,48,2,0,2,0,19,10,1,2,0.93,1.93,-0.13,0.06,1,4,6,4,14,24,10,19,0,0,53% (19/36),35% (17/49),78% (85/109),62% (39/63),91% (459/506),78% (233/297),63%,37%,3,1,11,8,6,4,8,5,6,7,22,19,17,13,2.06,1.87,1.87,2.06
M9ZGmdz0,2,0,31,16,0.93,0.52,4,4,,,13% (1/8),30% (3/10),2,2,57% (12/21),50% (7/14),50,51,0,0,0,1,11,14,5,0,1.46,0.55,0.08,0.18,3,0,15,7,17,30,14,11,0,0,46% (21/46),55% (31/56),74% (95/129),63% (76/121),84% (373/444),82% (406/495),47%,53%,2,4,7,7,4,5,6,6,3,2,18,15,11,12,1.18,0.08,0.08,1.18
jkRXqEZO,0,0,14,26,1.15,0.65,7,3,0,1,27% (7/26),29% (2/7),4,4,74% (20/27),61% (11/18),59,46,0,0,0,0,12,15,1,0,1.16,1.32,0.64,-0.27,3,2,6,9,21,23,15,12,1,0,39% (17/44),39% (17/44),79% (98/124),71% (79/111),85% (400/470),84% (357/426),53%,47%,4,3,13,5,4,7,8,4,5,5,27,15,17,12,0.73,1.64,1.64,0.73
4hi7bDlI,0,1,25,13,0.22,1.29,6,7,,,23% (5/22),27% (6/22),2,1,56% (9/16),83% (15/18),35,52,0,0,0,1,16,12,2,0,0.37,1.25,-0.67,0.52,0,3,6,6,19,25,12,16,0,0,59% (20/34),44% (11/25),67% (28/42),83% (154/186),84% (183/219),92% (595/648),26%,74%,4,5,2,9,4,4,1,4,1,4,6,25,6,13,0.52,1.33,1.33,0.52
IyTPoz5C,2,0,24,27,0.95,0.44,5,7,,,46% (11/24),25% (5/20),7,8,53% (9/17),64% (9/14),46,40,1,0,2,1,11,11,2,0,3.16,1.65,0.11,2.00,4,1,6,8,27,21,11,11,0,0,44% (20/45),41% (16/39),62% (64/104),68% (68/100),81% (252/313),81% (282/347),48%,52%,2,5,16,9,5,7,10,3,9,8,28,22,21,16,3.00,1.11,1.11,3.00
x4hiXzjJ,0,0,14,31,0.72,0.37,5,4,,,16% (3/19),22% (2/9),0,4,59% (10/17),64% (7/11),57,39,0,0,0,0,16,19,0,1,0.85,0.06,-0.54,0.56,1,0,9,5,16,16,19,16,0,0,67% (37/55),49% (30/61),81% (91/113),54% (32/59),90% (578/644),82% (329/402),62%,38%,9,1,9,1,7,1,3,0,4,1,19,7,16,2,0.56,0.46,0.46,0.56
lrM9kI5m,0,0,11,29,2.05,0.17,7,1,,,15% (3/20),14% (1/7),2,4,47% (8/17),63% (10/16),63,44,0,1,0,0,10,16,5,0,2.39,0.26,-0.40,-0.85,6,0,8,8,15,10,15,10,2,0,81% (47/58),50% (21/42),82% (152/186),66% (42/64),90% (524/585),83% (308/370),61%,39%,7,0,12,2,8,5,5,4,8,3,31,6,20,7,3.15,0.60,0.60,3.15
dSma0ZJ5,1,1,30,23,1.03,0.88,4,2,,,26% (5/19),20% (3/15),3,3,50% (12/24),67% (6/9),71,43,0,0,1,1,14,15,0,0,1.01,0.56,0.69,-0.92,2,0,7,5,9,22,15,14,1,1,53% (25/47),44% (14/32),75% (119/159),79% (103/130),83% (332/402),86% (383/445),48%,52%,5,1,10,5,3,6,3,7,5,3,26,22,13,11,1.08,0.69,0.69,1.08
UFdr4HKt,0,1,20,49,0.95,1.19,6,3,,,22% (9/41),17% (2/12),5,5,72% (21/29),65% (15/23),75,55,0,0,0,0,13,15,2,1,1.11,2.01,1.18,1.00,2,3,10,12,23,22,15,13,0,1,51% (23/45),60% (31/52),82% (137/167),73% (72/98),89% (428/483),85% (342/404),56%,44%,2,2,9,9,6,7,8,8,5,6,29,18,15,16,1.00,2.18,2.18,1.00
rsHer1bK,1,0,31,25,1.96,0.77,4,5,,,40% (6/15),30% (6/20),2,4,53% (9/17),67% (12/18),54,58,0,0,1,0,16,14,1,3,2.30,0.62,-0.66,-0.49,5,2,8,11,18,17,12,15,0,1,41% (13/32),53% (26/49),73% (85/116),73% (89/122),86% (423/492),84% (381/451),52%,48%,4,5,11,7,3,3,4,2,6,3,29,17,14,10,1.51,0.34,0.34,1.51
txarZdL6,0,0,11,40,1.60,1.15,10,5,,,28% (9/32),36% (4/11),4,2,80% (8/10),57% (8/14),40,39,0,0,0,0,9,10,3,0,1.64,1.71,-0.84,-0.87,1,3,7,7,18,15,9,7,0,1,50% (28/56),38% (16/42),72% (111/154),64% (38/59),85% (379/448),84% (316/378),55%,45%,5,1,7,8,7,2,5,2,4,7,28,16,14,10,1.13,2.16,2.16,1.13
4WcStlNF,0,0,39,18,0.22,1.27,3,10,,,11% (1/9),26% (7/27),6,1,65% (15/23),65% (11/17),63,58,0,0,1,0,18,16,1,2,0.37,2.17,2.12,0.01,0,3,8,9,14,20,16,17,0,2,35% (14/40),42% (21/50),57% (46/81),73% (114/156),74% (228/307),82% (338/414),42%,58%,3,4,3,10,6,9,5,8,1,7,9,33,9,19,0.01,3.12,3.12,0.01
fLz1MJy1,1,1,18,23,1.98,1.43,4,2,,,29% (5/17),27% (3/11),5,4,44% (4/9),56% (9/16),36,46,0,0,0,0,13,7,2,0,3.02,0.80,-0.46,0.01,5,1,11,9,15,16,6,13,1,2,59% (13/22),57% (23/40),74% (60/81),82% (102/124),85% (280/331),89% (482/541),39%,61%,4,4,12,8,3,7,2,5,9,6,28,23,15,15,4.01,0.54,0.54,4.01
EP7RxuMs,1,2,33,13,0.21,0.73,2,5,,,27% (3/11),30% (9/30),5,3,64% (14/22),57% (8/14),49,56,0,0,0,1,20,13,3,3,0.84,0.63,0.33,0.45,2,0,8,7,16,22,12,20,0,1,33% (21/63),58% (25/43),57% (46/81),78% (115/147),72% (164/227),87% (468/536),29%,71%,3,4,7,7,7,12,7,10,4,5,13,21,14,19,1.45,0.33,0.33,1.45
tbCXK60d,0,1,16,52,1.79,0.10,13,0,,,22% (7/32),20% (1/5),0,5,69% (11/16),56% (10/18),46,50,0,0,0,2,18,11,1,1,1.64,0.93,-0.10,0.31,2,1,13,7,13,16,11,16,0,0,63% (20/32),38% (25/65),78% (147/188),51% (34/67),90% (547/608),79% (244/309),67%,33%,7,1,11,4,10,2,8,4,6,1,35,9,21,6,1.31,0.90,0.90,1.31
zJKaOu7l,0,0,27,21,0.58,0.34,6,1,,,20% (4/20),13% (1/8),0,2,75% (15/20),58% (7/12),60,46,0,0,0,0,13,19,7,1,0.54,0.18,0.00,-0.47,0,0,12,10,17,27,18,12,0,1,45% (18/40),41% (19/46),69% (75/108),64% (65/101),82% (354/431),80% (358/448),50%,50%,2,2,6,2,3,3,5,3,2,0,14,14,9,5,0.53,0.00,0.00,0.53
2ov9Kc6D,1,0,22,18,0.24,0.56,6,9,,,15% (2/13),15% (4/26),5,6,50% (6/12),67% (8/12),39,48,0,0,0,0,11,9,1,1,0.94,0.92,1.06,0.65,3,2,11,12,14,18,8,10,0,0,49% (21/43),49% (22/45),63% (48/76),75% (95/127),79% (254/321),87% (415/479),40%,60%,3,5,5,9,7,5,2,4,7,5,16,21,12,14,1.65,1.06,1.06,1.65
844JrAh3,1,0,21,13,1.37,0.27,6,8,,,33% (6/18),30% (6/20),2,2,50% (9/18),58% (14/24),49,53,0,0,0,2,10,15,6,1,2.14,0.37,-0.46,-1.85,3,1,12,4,14,17,15,10,0,0,55% (32/58),58% (22/38),83% (82/99),60% (55/91),88% (394/450),85% (355/417),51%,49%,3,2,10,3,7,4,8,2,6,3,24,14,17,7,2.15,0.54,0.54,2.15
8O0zyJjf,0,0,23,29,1.05,0.70,4,5,,,30% (10/33),22% (4/18),1,7,67% (10/15),47% (7/15),61,55,0,0,0,1,17,26,2,0,0.74,0.45,-0.74,1.41,2,0,5,7,20,14,25,17,0,0,47% (24/51),51% (29/57),69% (68/98),64% (72/112),85% (404/473),81% (291/361),57%,43%,4,2,7,7,6,3,2,6,7,2,24,13,13,10,1.41,0.26,0.26,1.41
hfP8ejXp,1,0,9,33,1.77,0.20,8,1,,,24% (5/21),22% (2/9),1,3,64% (7/11),76% (19/25),21,51,0,2,0,2,17,6,0,2,4.27,0.13,0.06,-3.75,7,0,7,13,9,6,4,17,0,0,74% (20/27),37% (14/38),88% (180/204),55% (29/53),94% (726/775),82% (241/294),73%,27%,5,1,14,2,6,0,4,1,11,1,46,8,20,3,4.25,0.06,0.06,4.25
tG53HXg4,0,0,21,17,1.95,0.43,6,3,,,67% (10/15),20% (3/15),1,5,62% (13/21),65% (13/20),51,48,0,0,0,0,14,12,1,1,3.17,0.31,0.01,0.41,6,0,2,12,14,17,12,14,0,0,59% (30/51),49% (21/43),76% (80/105),64% (62/97),84% (313/372),85% (370/435),46%,54%,3,4,17,3,5,7,11,5,8,1,33,11,22,10,3.41,0.01,0.01,3.41
lt9BFBOG,0,1,16,20,1.34,0.21,5,1,,,38% (6/16),10% (1/10),1,3,77% (20/26),52% (12/23),60,58,0,0,1,1,20,17,0,2,1.70,0.10,0.00,0.00,2,0,9,11,19,18,14,17,0,0,38% (13/34),58% (31/53),75% (97/129),73% (71/97),86% (401/467),86% (396/462),51%,49%,1,2,8,1,2,4,4,2,5,1,27,5,10,5,2.00,0.00,0.00,2.00
4IIgSl8M,0,0,21,47,0.98,0.66,11,3,,,13% (6/45),25% (3/12),3,6,60% (18/30),75% (15/20),61,52,0,0,0,0,15,13,2,1,1.63,0.82,0.24,2.55,2,2,8,8,19,20,13,14,0,0,52% (24/46),48% (20/42),77% (113/146),68% (59/87),82% (324/394),83% (374/451),49%,51%,5,2,9,4,5,3,3,1,6,4,38,16,14,7,2.55,1.24,1.24,2.55
KrOOMSVq,1,0,19,28,1.27,0.92,5,3,,,29% (8/28),14% (2/14),3,5,69% (9/13),47% (9/19),61,53,0,0,1,1,10,17,2,0,0.95,1.79,-0.38,-0.02,0,2,5,9,9,8,17,10,0,0,66% (21/32),52% (24/46),80% (113/142),77% (93/121),88% (418/473),87% (423/484),50%,50%,4,2,10,7,6,6,6,5,6,6,25,24,16,13,0.98,2.62,2.62,0.98
8jPpUAwA,0,0,18,22,0.50,0.34,3,0,,,25% (3/12),20% (4/20),3,2,60% (9/15),57% (12/21),49,49,0,0,1,1,12,17,1,1,0.65,0.37,0.62,-1.21,1,0,10,17,20,20,15,12,0,0,54% (26/48),47% (16/34),76% (100/132),77% (85/111),84% (426/505),84% (350/415),54%,46%,4,3,8,2,4,6,4,2,4,3,22,10,12,8,0.79,0.62,0.62,0.79
plCfJgPi,2,0,28,20,0.46,1.16,3,5,,,15% (2/13),30% (6/20),4,1,31% (4/13),64% (14/22),56,53,0,0,0,1,16,20,1,2,1.53,2.08,0.35,-0.76,3,3,7,7,22,17,17,15,0,0,50% (14/28),49% (31/63),65% (44/68),61% (51/83),89% (434/490),77% (228/296),62%,38%,4,1,7,7,5,7,5,6,3,7,13,14,12,14,1.24,3.35,3.35,1.24
zwRxWW8c,1,0,13,28,1.20,0.62,4,1,,,23% (6/26),43% (3/7),4,5,92% (12/13),75% (12/16),48,59,0,0,0,2,14,12,2,0,1.86,1.74,1.92,1.16,3,2,5,7,28,19,12,13,0,1,42% (25/59),38% (24/64),67% (83/124),43% (23/54),83% (419/504),72% (229/319),62%,38%,3,4,8,9,5,6,5,7,5,4,25,15,13,15,1.16,1.92,1.92,1.16
KUrj8TGj,0,0,20,29,0.60,0.28,5,1,0,1,15% (4/26),9% (1/11),2,5,74% (20/27),67% (10/15),64,39,0,0,0,0,10,18,0,3,1.14,0.21,-0.33,0.07,2,0,12,7,23,30,17,10,1,0,56% (30/54),55% (33/60),71% (82/115),79% (89/113),81% (274/339),83% (360/433),45%,55%,3,0,8,3,7,1,5,1,7,3,16,12,15,4,2.07,0.67,0.67,2.07
AecKDkgT,0,0,39,10,0.48,1.03,2,11,,,44% (4/9),24% (10/41),5,1,67% (10/15),83% (10/12),42,52,0,1,1,1,18,9,0,1,1.56,1.03,-1.21,-1.99,5,1,9,2,15,22,9,17,0,1,41% (20/49),55% (27/49),61% (43/70),78% (127/163),80% (264/332),88% (503/571),36%,64%,1,7,6,13,2,8,2,7,5,7,15,39,8,21,2.01,0.79,0.79,2.01
2c0hZm2N,0,0,39,9,0.35,0.50,1,5,,,14% (1/7),7% (2/27),2,3,72% (13/18),64% (7/11),41,35,0,0,0,3,9,11,3,0,1.27,0.54,0.23,-0.89,3,1,12,6,13,23,10,9,1,0,39% (18/46),81% (25/31),58% (31/53),87% (148/171),79% (203/256),94% (800/847),23%,77%,2,4,6,5,4,9,3,8,5,2,12,13,10,14,1.11,0.23,0.23,1.11
x8r3lZPH,1,0,20,33,1.54,0.31,7,2,,,23% (8/35),27% (3/11),2,2,75% (15/20),74% (14/19),51,59,1,0,0,1,16,13,2,2,1.37,1.08,-0.03,-0.52,2,1,9,9,30,21,13,15,0,0,40% (10/25),46% (26/57),74% (98/133),68% (56/82),79% (253/320),80% (304/382),47%,53%,6,2,11,4,10,4,12,3,3,3,24,10,21,8,0.48,0.97,0.97,0.48
C0cwfwdt,0,0,12,18,1.13,0.53,4,3,,,20% (3/15),38% (3/8),1,6,74% (14/19),62% (18/29),55,56,0,0,0,0,7,6,2,3,1.63,1.34,0.24,1.16,2,2,7,11,19,9,6,6,0,0,58% (29/50),44% (28/63),77% (127/164),51% (35/69),90% (548/610),83% (347/420),59%,41%,5,2,7,5,8,4,4,5,6,2,23,14,15,9,1.16,1.24,1.24,1.16
bXmD6Gun,1,1,19,27,0.54,1.14,10,5,,,17% (4/23),40% (4/10),0,5,39% (7/18),56% (14/25),44,60,0,0,0,1,12,8,1,3,1.62,1.51,-0.61,0.63,2,1,11,6,28,12,7,11,1,1,57% (30/53),57% (34/60),70% (69/98),74% (93/126),83% (369/442),88% (569/643),42%,58%,3,7,6,11,8,5,5,6,6,3,19,25,14,16,1.63,2.39,2.39,1.63
ALtBnDfU,0,0,13,32,0.65,0.82,4,4,2,2,24% (5/21),10% (1/10),1,2,53% (9/17),48% (12/25),46,56,1,0,0,0,19,12,1,0,0.23,1.05,-0.97,-0.59,0,3,7,11,19,13,12,18,0,1,53% (16/30),34% (13/38),81% (153/189),59% (30/51),87% (431/495),80% (231/289),63%,37%,2,1,4,4,6,4,5,3,3,4,18,10,10,8,0.41,2.03,2.03,0.41
ttkfjee5,1,1,12,12,0.85,1.46,3,3,,,18% (2/11),25% (2/8),3,2,69% (9/13),67% (6/9),33,36,1,0,0,0,11,12,4,2,0.62,1.99,-1.97,0.07,0,5,7,9,18,19,12,10,1,2,31% (11/36),50% (13/26),67% (68/101),77% (75/97),81% (277/343),89% (450/504),41%,59%,2,4,5,8,2,6,3,1,2,9,16,18,7,14,0.07,4.03,4.03,0.07
YFonhHQh,0,0,11,53,1.96,0.15,9,1,,,23% (10/43),0% (0/2),3,7,73% (16/22),48% (11/23),73,67,0,0,1,0,15,21,6,1,2.60,1.07,-0.73,2.09,5,1,6,11,26,9,20,12,0,0,83% (49/59),37% (19/52),80% (155/193),50% (19/38),89% (432/485),75% (198/264),66%,34%,4,1,14,3,10,4,12,1,8,5,38,8,24,7,3.09,1.27,1.27,3.09
zwqx1C9N,1,1,37,16,0.83,0.89,4,11,,,50% (9/18),28% (7/25),6,3,87% (13/15),100% (10/10),53,47,0,1,0,0,17,19,0,1,0.72,1.60,-0.67,-0.70,2,3,9,7,17,16,18,14,0,0,42% (20/48),50% (16/32),54% (43/80),73% (98/135),69% (166/242),85% (420/492),34%,66%,0,5,7,10,1,8,3,5,5,8,19,25,8,18,1.30,1.33,1.33,1.30
6ciL4fAb,0,0,25,24,1.53,0.44,4,6,1,1,33% (6/18),27% (6/22),2,2,75% (9/12),75% (9/12),39,34,0,1,0,1,9,14,2,3,2.39,1.88,0.01,0.20,2,3,12,9,18,16,14,8,1,0,51% (22/43),59% (26/44),75% (88/118),79% (81/103),87% (325/374),85% (304/358),51%,49%,7,5,7,11,11,2,7,4,4,4,16,21,18,13,2.20,2.01,2.01,2.20
SCuU2YvB,0,0,18,18,0.46,0.38,3,4,,,14% (2/14),10% (2/21),2,3,57% (8/14),50% (5/10),41,49,0,0,0,0,23,16,2,1,0.64,0.21,0.18,0.12,1,0,5,6,13,15,15,23,0,0,50% (21/42),58% (19/33),59% (53/90),66% (61/93),80% (277/348),87% (387/447),43%,57%,2,1,6,3,4,6,4,6,4,2,13,10,10,9,1.12,0.18,0.18,1.12
llsSnMlD,0,0,24,12,0.77,1.41,2,6,,,22% (2/9),26% (6/23),4,1,85% (11/13),67% (6/9),46,37,0,0,0,2,10,18,0,1,0.92,1.95,1.45,-0.27,2,3,7,8,15,23,17,8,0,1,50% (24/48),58% (34/59),66% (55/83),73% (102/140),81% (319/393),86% (445/515),43%,57%,3,4,7,8,3,4,4,3,3,5,23,27,10,12,1.73,2.45,2.45,1.73
hMmJlrK0,0,0,21,15,1.63,1.02,3,2,0,1,25% (3/12),32% (6/19),2,2,69% (9/13),63% (10/16),39,59,0,0,1,2,22,12,1,1,1.79,0.66,-0.52,0.29,3,1,10,6,19,19,10,21,1,1,45% (18/40),72% (39/54),72% (60/83),69% (70/101),81% (256/316),89% (489/549),37%,63%,3,2,9,7,3,4,5,6,4,3,19,22,12,11,2.29,0.48,0.48,2.29
E7AWcncE,0,0,42,28,0.68,0.97,3,2,,,35% (7/20),14% (2/14),2,6,85% (11/13),62% (8/13),58,47,0,0,0,0,10,19,1,2,1.38,1.52,0.05,2.23,3,3,12,16,19,23,17,10,0,1,62% (24/39),37% (20/54),62% (58/93),62% (74/119),86% (430/502),76% (261/345),59%,41%,1,0,10,9,4,2,8,8,6,3,18,26,15,11,2.23,1.05,1.05,2.23
Wronjzv8,0,0,13,38,2.58,1.36,15,3,,,39% (14/36),44% (4/9),0,3,82% (9/11),47% (8/17),42,50,0,1,1,0,17,12,2,3,2.40,1.73,-0.21,0.72,7,4,5,8,24,17,10,17,0,1,55% (29/53),50% (23/46),71% (108/153),65% (41/63),80% (304/382),80% (241/301),57%,43%,5,2,13,6,6,3,10,5,4,2,46,16,19,9,1.72,1.79,1.79,1.72
WK2aavHL,0,0,26,46,0.50,0.32,3,3,,,13% (4/30),15% (2/13),3,3,64% (16/25),67% (14/21),59,46,0,0,0,0,8,12,5,3,1.43,0.32,0.06,0.08,2,2,9,3,18,20,10,7,0,1,54% (31/57),43% (18/42),68% (88/130),67% (37/55),85% (411/484),76% (235/310),61%,39%,0,1,5,4,3,3,3,2,5,4,17,10,8,7,2.08,1.06,1.06,2.08
jBfi10n9,1,0,33,19,0.90,1.23,6,10,,,27% (6/22),26% (5/19),3,3,79% (11/14),55% (11/20),47,42,0,0,0,1,10,9,0,2,1.73,0.99,-0.50,0.34,4,1,7,8,19,20,9,10,0,1,41% (11/27),52% (29/56),69% (61/88),66% (63/95),87% (375/429),81% (285/354),55%,45%,3,6,8,8,7,9,8,7,4,4,16,19,15,17,1.34,0.50,0.50,1.34
0O8vdQRQ,0,1,13,29,2.52,0.24,8,2,0,1,39% (9/23),22% (2/9),2,3,73% (8/11),67% (10/15),36,48,1,0,0,2,17,13,1,1,1.48,0.54,-1.02,0.03,3,2,5,8,15,17,13,17,1,0,55% (30/55),50% (22/44),80% (151/188),67% (32/48),86% (437/506),81% (277/341),60%,40%,7,0,12,6,5,2,4,3,6,5,43,10,17,8,2.03,1.98,1.98,2.03
K8kBj4kl,0,1,15,21,0.93,0.92,2,8,1,0,18% (2/11),31% (5/16),7,1,63% (5/8),64% (9/14),36,38,0,0,1,1,8,12,1,1,0.39,1.94,-1.74,0.01,0,4,6,10,12,9,12,8,2,1,56% (29/52),62% (26/42),72% (64/89),80% (100/125),84% (307/366),90% (444/494),43%,57%,5,4,4,9,5,12,3,5,1,12,16,24,9,21,0.01,3.26,3.26,0.01
OIsvhd9e,0,0,12,26,0.56,1.58,8,6,,,21% (4/19),21% (4/19),3,7,62% (8/13),63% (17/27),45,54,1,0,0,0,7,12,1,4,1.35,2.69,-1.26,-0.16,2,5,6,9,28,8,10,6,0,1,65% (39/60),50% (22/44),68% (79/117),81% (135/167),82% (393/481),86% (415/483),50%,50%,6,3,12,7,5,7,3,5,8,6,26,21,17,14,0.84,1.74,1.74,0.84
O425wcf2,0,0,33,39,1.33,1.27,11,10,,,23% (7/31),21% (6/29),4,6,56% (9/16),55% (12/22),53,71,0,0,2,0,23,13,0,1,1.34,2.14,0.61,0.46,2,3,8,5,13,18,13,23,0,0,50% (16/32),54% (19/35),85% (111/131),68% (53/78),86% (336/389),85% (351/413),49%,51%,12,3,17,6,7,7,4,5,8,5,47,18,24,13,2.46,1.61,1.61,2.46
SjlVgIvq,1,1,22,17,0.95,0.46,4,3,,,33% (5/15),19% (3/16),1,1,71% (12/17),58% (7/12),45,55,0,0,0,0,16,10,0,2,2.54,0.32,0.56,0.15,2,0,8,8,25,25,10,16,0,0,55% (18/33),51% (22/43),84% (112/133),59% (48/82),87% (418/480),80% (294/368),56%,44%,9,2,16,4,7,1,11,2,3,1,31,13,23,5,2.15,0.56,0.56,2.15
WpnjY1IM,1,1,22,22,0.82,0.53,3,8,,,35% (6/17),24% (5/21),9,5,58% (11/19),65% (11/17),49,46,0,1,0,1,18,17,0,3,2.63,1.63,2.03,0.13,3,4,5,1,14,16,17,18,0,0,42% (15/36),68% (28/41),72% (88/123),80% (81/101),84% (315/376),87% (335/383),49%,51%,4,3,13,11,6,9,7,7,8,10,32,20,19,20,3.11,3.03,3.03,3.11
vi9HlN23,0,0,14,24,0.41,0.90,4,5,,,6% (1/16),47% (8/17),2,3,57% (8/14),74% (14/19),51,64,0,0,0,0,23,19,0,3,1.45,0.47,-0.48,0.31,2,0,16,6,14,23,19,23,0,0,46% (16/35),53% (29/55),72% (92/128),73% (71/97),83% (392/470),82% (361/438),52%,48%,4,4,5,8,6,1,3,1,4,4,12,15,11,9,1.31,1.52,1.52,1.31
C47Pn1XF,1,0,33,25,0.66,0.94,6,2,,,17% (4/23),24% (5/21),2,4,74% (14/19),46% (6/13),66,44,0,0,0,0,13,21,3,2,0.99,1.72,-0.85,-0.17,1,3,6,11,30,20,21,13,1,0,58% (28/48),59% (33/56),66% (52/79),76% (100/131),79% (222/280),84% (364/431),40%,60%,2,2,9,8,6,5,7,7,6,4,29,17,15,13,1.83,1.15,1.15,1.83
OrRUQJAd,0,0,17,18,1.77,0.34,9,0,0,1,33% (7/21),33% (2/6),2,8,67% (8/12),53% (8/15),31,41,0,0,0,1,13,11,1,3,3.12,0.72,0.67,0.79,5,2,9,11,17,26,11,13,0,0,59% (37/63),48% (29/60),82% (125/153),48% (39/81),87% (415/476),76% (261/343),58%,42%,7,0,20,3,9,1,12,1,10,3,44,11,29,4,2.38,1.67,1.67,2.38
W6NQpu2S,1,0,24,21,0.36,0.73,3,7,,,25% (4/16),23% (3/13),3,3,64% (9/14),57% (8/14),41,51,0,1,0,1,14,12,4,2,0.61,1.25,0.20,0.66,1,1,12,8,15,14,12,14,0,1,56% (32/57),52% (24/46),49% (33/68),75% (112/149),76% (208/273),88% (551/623),31%,69%,0,3,8,9,1,5,5,7,4,4,11,16,9,14,1.66,1.57,1.57,1.66
ULkZypJc,1,0,15,31,0.97,0.87,6,5,,,28% (7/25),22% (4/18),2,2,57% (8/14),55% (6/11),41,40,0,0,0,1,15,7,1,2,0.67,1.58,-0.16,0.50,0,2,5,17,15,13,7,15,1,0,54% (27/50),47% (27/57),71% (94/133),71% (75/106),84% (410/488),80% (306/383),56%,44%,2,3,9,7,2,4,7,4,2,4,26,14,11,11,0.50,1.84,1.84,0.50
QmqrzOmA,2,0,18,41,1.00,0.33,5,3,,,33% (13/40),18% (2/11),2,4,86% (18/21),50% (9/18),66,46,0,0,0,0,10,17,3,3,1.86,1.04,-0.64,0.88,3,1,4,16,26,17,17,10,0,1,70% (28/40),49% (35/71),73% (123/168),65% (46/71),87% (545/624),78% (236/302),68%,32%,4,2,14,5,4,3,9,3,5,3,31,9,18,8,1.88,0.36,0.36,1.88
xS2mEtRj,1,0,15,25,0.88,0.62,6,4,,,23% (3/13),25% (4/16),0,0,70% (14/20),61% (14/23),68,52,0,0,1,0,11,16,0,1,1.60,0.38,0.00,-0.09,3,0,12,4,16,17,16,11,2,0,52% (25/48),53% (29/55),70% (99/142),67% (45/67),82% (369/449),79% (282/359),55%,45%,3,4,6,4,3,5,5,5,1,0,22,19,9,9,0.91,0.00,0.00,0.91
GINMSutp,0,0,20,25,1.25,1.08,4,4,,,23% (5/22),15% (3/20),4,1,60% (12/20),50% (3/6),45,36,0,2,1,0,12,14,1,0,1.13,1.35,0.07,-1.50,2,2,5,14,13,16,14,12,0,0,55% (22/40),61% (35/57),73% (83/114),83% (119/143),83% (315/380),90% (549/608),39%,61%,4,2,7,6,6,5,5,3,4,6,15,16,13,11,1.50,2.07,2.07,1.50
2kEduJPk,0,0,36,24,0.46,0.87,3,6,,,27% (4/15),22% (4/18),2,1,57% (12/21),85% (17/20),42,51,0,0,1,0,12,8,1,0,0.45,0.97,0.37,0.10,2,0,17,8,27,23,8,12,1,1,26% (11/43),47% (22/47),58% (44/76),76% (119/156),78% (226/289),85% (477/559),34%,66%,0,2,3,10,2,4,4,10,1,2,14,25,5,14,0.10,0.37,0.37,0.10
SK5TvhYo,0,1,22,11,0.45,0.28,2,5,,,43% (3/7),10% (2/20),2,2,53% (9/17),71% (15/21),73,60,0,0,0,0,24,26,0,1,2.79,1.51,1.25,-0.03,4,2,12,7,18,13,26,24,1,0,50% (27/54),54% (29/54),64% (35/55),69% (74/107),77% (275/357),84% (425/505),41%,59%,2,4,8,6,2,6,4,5,4,3,17,18,10,12,2.02,2.25,2.25,2.02
Gxna5CrJ,0,1,28,25,1.09,0.57,5,7,,,25% (3/12),18% (3/17),5,5,82% (18/22),53% (8/15),55,55,0,0,1,0,18,14,0,2,0.82,1.12,0.74,0.05,1,2,6,14,11,14,14,18,1,0,71% (17/24),47% (22/47),77% (109/142),70% (66/94),89% (447/504),79% (248/312),61%,39%,7,2,7,7,9,6,3,6,6,5,16,14,16,13,1.05,0.74,0.74,1.05
lpqazXsg,0,1,9,27,1.21,0.15,2,1,0,1,19% (3/16),10% (1/10),0,5,77% (10/13),53% (10/19),43,49,0,0,0,1,18,15,1,1,2.19,0.16,0.00,-1.25,6,0,14,12,16,16,15,18,1,0,66% (25/38),60% (24/40),80% (133/167),75% (40/53),90% (536/593),86% (256/298),66%,34%,4,1,8,2,9,1,5,2,8,0,31,5,17,3,1.75,0.00,0.00,1.75
tKuixgDt,3,0,21,44,0.96,1.14,10,5,0,1,22% (8/36),28% (5/18),4,7,64% (7/11),82% (9/11),44,47,0,1,0,0,10,14,3,1,1.42,0.99,0.11,0.63,4,2,8,15,25,17,14,10,0,2,44% (12/27),40% (22/55),79% (147/185),75% (64/85),88% (433/494),84% (335/399),56%,44%,15,6,13,7,14,8,4,4,8,5,28,11,27,15,1.63,1.11,1.11,1.63
2gAtIkSO,0,0,14,41,1.10,0.37,10,3,,,13% (5/38),25% (4/16),1,3,71% (10/14),71% (10/14),44,38,0,1,0,0,8,11,0,4,1.38,0.64,-1.50,0.53,1,2,5,12,17,14,11,8,1,0,55% (26/47),52% (27/52),74% (127/172),57% (37/65),85% (431/505),79% (229/291),64%,36%,5,3,8,5,8,4,7,3,4,3,26,7,16,9,1.55,0.50,0.50,1.55
zsJPLXSa,0,0,23,25,1.29,0.39,7,3,,,31% (4/13),15% (2/13),0,6,76% (19/25),80% (8/10),57,39,0,0,0,0,13,11,3,0,2.25,0.30,-0.43,0.53,4,0,11,6,20,24,11,13,1,0,28% (9/32),47% (18/38),63% (52/83),75% (83/110),84% (346/414),89% (417/471),47%,53%,3,3,9,3,6,4,3,3,9,1,18,9,15,7,3.53,0.57,0.57,3.53
SGFHNgbm,0,0,17,23,0.57,0.51,2,3,,,30% (3/10),10% (1/10),3,2,65% (13/20),61% (11/18),56,59,0,0,0,0,20,21,0,1,0.57,0.39,0.65,-0.34,0,3,6,10,21,17,21,20,0,0,51% (27/53),39% (21/54),76% (110/144),51% (29/57),88% (495/565),81% (291/359),61%,39%,2,1,6,3,4,2,5,1,3,3,15,9,10,5,0.66,0.65,0.65,0.66
rqvoTFzQ,0,0,16,36,1.54,0.82,6,2,,,26% (6/23),14% (2/14),3,2,82% (14/17),60% (9/15),49,45,0,0,1,0,20,14,1,1,0.78,0.74,0.39,0.54,1,1,16,11,11,19,14,20,1,1,59% (34/58),53% (18/34),81% (156/192),72% (74/103),88% (505/576),85% (396/464),56%,44%,4,3,5,6,6,5,4,4,3,4,32,15,11,11,1.54,1.39,1.39,1.54
AaX7YAC5,0,0,20,13,1.60,0.95,9,5,,,46% (6/13),38% (6/16),3,6,71% (17/24),45% (5/11),62,60,0,1,0,1,16,13,1,2,2.35,0.75,0.12,0.11,4,2,11,3,16,24,13,16,1,1,63% (31/49),56% (28/50),67% (75/112),58% (48/83),83% (290/351),82% (395/480),42%,58%,6,3,14,7,7,3,6,3,9,4,24,20,21,10,3.37,1.12,1.12,3.37
UuCYJBcC,1,2,26,32,2.13,0.41,8,5,,,35% (12/34),31% (5/16),6,6,62% (8/13),75% (9/12),40,41,0,0,0,0,12,14,0,1,1.74,1.62,0.79,0.45,3,3,7,2,18,14,14,12,1,0,44% (17/39),47% (27/57),76% (95/125),72% (70/97),82% (316/385),82% (324/397),50%,50%,4,2,11,10,4,6,4,7,7,7,31,23,15,16,1.45,1.79,1.79,1.45
rRpFWlsI,1,0,20,21,1.51,0.81,4,3,0,1,24% (4/17),24% (4/17),3,3,59% (10/17),60% (3/5),51,48,0,1,0,1,24,17,4,3,1.92,0.76,-0.73,0.37,3,2,6,7,12,12,17,24,1,0,53% (26/49),58% (30/52),74% (81/110),73% (86/118),81% (267/330),86% (416/483),41%,59%,5,3,13,6,3,3,7,1,5,5,36,27,17,9,1.37,1.27,1.27,1.37
dzWc7YD6,0,0,31,29,0.28,1.79,4,8,,,24% (5/21),23% (7/31),2,0,54% (7/13),31% (4/13),38,42,0,0,1,0,15,12,0,0,0.30,1.00,0.94,0.00,0,1,5,5,24,27,12,15,0,1,48% (20/42),53% (28/53),60% (46/77),83% (138/167),78% (245/314),89% (490/551),37%,63%,4,7,4,9,4,7,4,6,0,3,13,20,8,16,0.00,1.94,1.94,0.00
O8hHfeU0,1,0,27,7,0.51,0.92,2,3,,,44% (4/9),17% (4/23),4,1,62% (13/21),67% (10/15),53,53,0,0,0,1,11,18,2,3,0.99,0.75,-0.85,0.72,2,1,6,7,17,27,18,11,1,0,56% (28/50),62% (32/52),76% (44/58),81% (153/188),81% (280/346),89% (520/583),37%,63%,2,3,7,6,3,8,6,5,2,6,9,24,10,14,1.72,1.15,1.15,1.72
Sta8dHal,3,0,13,38,1.29,1.09,8,2,,,15% (4/27),50% (5/10),2,6,52% (11/21),75% (15/20),61,58,1,0,1,0,17,12,1,0,2.24,2.50,0.76,1.25,3,3,9,3,20,22,12,17,1,2,62% (23/37),39% (21/54),82% (115/141),70% (51/73),89% (461/520),74% (211/285),65%,35%,4,1,13,9,8,2,10,6,7,4,26,22,21,11,1.81,2.76,2.76,1.81
SfvsBGEs,1,0,30,38,2.20,1.31,6,10,,,40% (12/30),31% (8/26),7,10,75% (9/12),59% (10/17),57,55,0,0,0,0,12,16,1,1,2.88,1.92,1.24,0.01,4,4,6,10,15,15,16,12,0,1,63% (26/41),67% (28/42),78% (83/106),71% (50/70),87% (310/358),86% (331/386),48%,52%,6,4,18,15,8,5,9,7,12,9,32,32,27,20,2.01,3.24,3.24,2.01
WADx2wxR,0,0,29,20,0.61,0.55,4,2,,,21% (3/14),33% (4/12),4,4,76% (13/17),50% (6/12),48,53,0,0,0,0,19,17,2,1,0.32,0.95,0.37,0.30,0,2,14,14,20,29,17,19,0,0,58% (42/73),42% (19/45),65% (53/82),64% (65/101),79% (302/384),82% (348/424),48%,52%,1,5,4,8,3,6,2,5,4,4,16,14,7,14,0.30,0.37,0.37,0.30
OMXk9fqf,0,0,16,60,1.01,0.16,14,6,,,29% (20/69),9% (1/11),1,7,48% (12/25),47% (7/15),65,46,1,0,0,0,13,10,1,1,0.84,0.33,-0.95,1.87,0,0,9,7,22,23,10,13,1,0,67% (22/33),38% (16/42),82% (124/151),57% (32/56),87% (362/415),81% (291/359),56%,44%,6,1,14,4,8,0,8,0,7,3,30,10,21,4,1.87,1.05,1.05,1.87
UoXstdF7,0,0,23,31,1.96,0.54,5,3,0,1,28% (5/18),29% (4/14),3,0,52% (11/21),78% (7/9),62,44,2,0,0,0,13,15,0,1,1.76,1.60,-0.70,-0.01,2,4,3,12,20,15,15,13,0,0,46% (24/52),46% (27/59),69% (79/114),62% (46/74),83% (372/450),86% (336/391),54%,46%,10,3,11,8,6,1,6,1,1,5,33,14,17,9,0.99,1.30,1.30,0.99
MssPTRPp,0,0,14,25,0.37,0.19,8,3,,,14% (3/22),18% (2/11),2,2,50% (4/8),80% (16/20),32,55,0,0,0,0,14,6,1,2,0.59,0.22,0.11,0.14,2,0,7,7,15,16,6,14,0,0,70% (43/61),37% (18/49),77% (116/151),57% (26/46),89% (545/610),78% (247/317),66%,34%,2,1,6,2,3,4,4,3,3,2,15,6,9,6,1.20,0.11,0.11,1.20
KlaBk9n4,0,0,9,24,2.36,0.04,9,0,,,32% (6/19),0% (0/4),1,4,70% (14/20),77% (10/13),56,53,0,1,0,1,22,16,1,0,1.89,0.29,-1.00,0.54,3,0,5,8,21,17,16,22,0,0,60% (39/65),48% (25/52),67% (79/118),43% (21/49),82% (325/394),76% (227/298),58%,42%,6,0,7,0,11,6,5,3,7,3,22,0,18,6,2.54,1.00,1.00,2.54
8WrZsIpe,0,0,23,16,1.27,0.66,6,4,,,35% (6/17),33% (4/12),4,5,56% (9/16),72% (18/25),55,59,0,0,1,1,12,10,1,1,1.18,0.83,0.50,1.27,0,2,20,5,17,27,10,12,0,0,45% (21/47),51% (20/39),66% (59/89),74% (90/121),80% (277/346),85% (438/515),41%,59%,1,1,8,7,4,6,6,7,5,5,15,22,12,13,1.27,1.50,1.50,1.27
KCsbt59j,0,0,17,26,0.63,0.23,8,3,,,12% (3/25),9% (1/11),1,3,59% (10/17),92% (11/12),39,45,0,0,1,0,15,10,1,0,2.87,0.31,0.06,-0.92,4,0,4,4,23,20,10,15,0,0,54% (20/37),56% (27/48),74% (62/84),55% (36/66),85% (270/317),82% (295/361),48%,52%,2,1,13,4,3,2,7,4,7,1,30,8,16,6,3.08,0.00,0.06,3.08
65Nh2nW9,0,0,43,15,0.25,1.13,2,5,,,21% (3/14),31% (11/35),3,1,64% (9/14),42% (5/12),54,61,0,0,2,0,18,13,2,0,0.24,1.25,0.12,-0.40,2,2,11,7,16,15,13,18,0,0,22% (10/45),60% (36/60),60% (34/57),75% (141/187),72% (170/236),87% (516/593),28%,72%,3,4,4,11,5,4,4,8,2,3,7,28,9,15,0.60,0.12,0.12,0.60
YiPp481c,1,2,34,30,1.31,0.75,7,5,,,16% (3/19),30% (7/23),3,3,58% (7/12),77% (17/22),36,57,0,0,0,0,14,6,4,5,1.05,0.57,0.24,-0.08,3,1,10,6,19,30,6,14,2,0,51% (22/43),44% (22/50),73% (87/120),64% (50/78),82% (313/380),83% (364/438),47%,53%,2,3,7,7,2,3,3,4,4,3,23,18,9,10,0.92,0.24,0.24,0.92
SE2JmmHG,0,0,22,24,0.41,0.58,6,5,,,12% (2/17),25% (3/12),3,1,77% (17/22),100% (5/5),35,38,0,0,0,0,18,9,0,0,1.61,1.60,1.22,-0.83,4,2,7,13,19,20,9,18,0,0,43% (23/53),49% (24/49),68% (68/100),73% (73/100),83% (376/452),86% (422/490),48%,52%,6,2,10,6,6,3,7,4,3,3,25,10,16,9,1.17,1.22,1.22,1.17
lUjSoRoT,0,0,21,29,0.78,0.70,9,2,1,0,23% (5/22),27% (3/11),0,7,64% (7/11),67% (14/21),39,54,0,0,1,0,15,10,3,2,1.63,0.57,0.00,-0.55,4,2,7,7,20,15,10,15,0,0,73% (30/41),47% (20/43),75% (67/89),80% (122/152),86% (307/359),86% (416/481),43%,57%,5,2,8,4,10,4,3,6,10,0,23,23,18,8,2.45,0.00,0.00,2.45
EyUAiVHi,1,1,7,39,1.05,0.54,12,2,,,16% (6/38),38% (3/8),3,6,67% (8/12),64% (9/14),46,50,0,0,0,1,16,15,1,1,2.05,0.83,-0.10,0.63,2,2,8,11,22,17,15,16,0,0,71% (22/31),41% (22/54),79% (116/147),65% (26/40),89% (462/517),77% (234/304),64%,36%,12,1,15,5,16,4,12,4,7,4,29,6,31,9,1.74,0.90,0.90,1.74
06uRqvGr,1,1,20,32,1.01,1.26,9,3,,,17% (4/24),28% (5/18),3,1,40% (6/15),43% (6/14),41,60,0,0,1,1,16,6,3,2,1.39,2.18,0.16,-0.22,3,5,7,5,11,16,6,16,0,0,30% (16/53),56% (30/54),62% (52/84),74% (90/122),74% (197/267),86% (437/510),36%,64%,5,4,10,12,5,5,8,9,2,4,24,30,15,17,0.78,1.16,1.16,0.78
KjUwO2xP,3,0,9,55,2.18,0.54,7,2,,,21% (9/42),17% (1/6),3,6,75% (6/8),56% (10/18),44,49,0,0,1,1,12,13,0,2,1.60,0.81,-0.38,0.15,0,2,6,10,22,7,13,12,2,1,65% (33/51),31% (13/42),85% (169/200),71% (40/56),91% (545/600),78% (217/278),69%,31%,6,0,20,7,8,1,16,3,6,5,51,15,28,8,0.15,1.62,1.62,0.15
AF9mr6Nt,2,0,18,45,2.03,0.22,6,5,,,30% (11/37),14% (2/14),1,8,82% (9/11),50% (6/12),57,40,0,0,0,0,10,19,1,1,1.83,0.14,0.05,1.23,4,0,4,11,15,14,19,10,3,0,63% (30/48),39% (16/41),81% (162/199),67% (43/64),89% (537/602),80% (257/321),65%,35%,4,3,17,2,6,7,11,5,8,1,33,5,23,9,1.23,0.05,0.05,1.23
EDkDx2iI,0,0,25,33,0.93,1.62,6,4,,,25% (7/28),16% (4/25),3,1,70% (7/10),65% (13/20),50,43,0,0,0,0,11,18,0,0,0.87,1.34,-0.13,-1.01,1,4,7,12,24,25,18,11,0,0,70% (33/47),67% (51/76),78% (72/92),84% (114/135),86% (400/464),88% (459/522),48%,52%,7,2,8,10,9,4,7,7,3,5,25,26,17,14,0.76,1.87,1.87,0.76
Iod4vOM5,0,0,35,9,0.32,1.10,3,8,,,22% (2/9),11% (2/18),5,3,50% (10/20),87% (13/15),46,47,0,0,0,1,16,15,1,0,1.02,0.45,0.53,-0.47,3,1,11,5,17,26,15,16,0,0,29% (12/41),53% (18/34),61% (27/44),82% (194/237),77% (189/244),90% (638/707),26%,74%,2,2,4,4,4,6,2,3,4,5,11,24,8,10,0.53,0.53,0.53,0.53
fXdpyAXA,0,0,15,29,0.59,0.28,7,3,,,23% (6/26),8% (1/13),1,2,100% (4/4),76% (13/17),39,47,0,0,0,0,16,13,2,1,0.50,0.94,0.01,0.08,0,1,11,7,26,15,13,16,0,0,43% (12/28),53% (38/72),67% (70/104),71% (69/97),81% (287/356),82% (370/452),45%,55%,6,0,8,2,8,3,8,3,2,2,22,9,16,5,0.08,1.01,1.01,0.08
WUcdtphg,0,0,18,30,0.87,0.70,7,3,,,24% (5/21),27% (4/15),0,2,67% (12/18),77% (10/13),54,46,0,0,0,1,13,17,2,2,0.71,0.78,-0.21,-0.24,0,1,10,4,22,26,17,13,1,0,44% (25/57),55% (24/44),76% (102/135),75% (62/83),84% (317/379),84% (303/361),52%,48%,5,2,5,3,11,0,8,0,3,1,27,13,16,3,0.76,0.79,0.79,0.76
OOzVPO7C,0,1,22,14,0.13,0.75,1,8,,,25% (3/12),21% (5/24),5,1,70% (14/20),63% (10/16),58,55,0,1,1,0,17,15,2,2,0.31,1.20,1.03,-1.69,0,0,10,4,21,15,15,17,0,0,44% (25/57),64% (30/47),61% (38/62),84% (137/163),79% (274/347),89% (498/561),38%,62%,0,9,2,11,4,10,3,7,3,5,10,32,6,21,0.31,1.03,1.03,0.31
O6PfOBW7,0,0,17,19,1.43,0.55,6,3,,,27% (4/15),41% (7/17),1,5,67% (12/18),50% (7/14),38,42,0,0,0,0,14,10,1,1,2.44,0.72,0.17,0.14,5,2,8,7,19,16,10,14,1,0,45% (20/44),54% (26/48),72% (76/106),72% (52/72),83% (302/362),84% (364/431),46%,54%,3,2,11,6,6,5,5,7,9,2,22,11,17,11,4.14,1.17,1.17,4.14
jBxNRpw0,0,0,25,36,0.38,0.72,3,5,,,22% (5/23),17% (2/12),2,0,76% (13/17),60% (6/10),53,39,1,0,0,1,12,13,5,4,0.55,2.01,0.29,0.00,0,3,12,6,22,27,13,12,0,1,42% (28/67),37% (28/75),64% (63/99),52% (45/86),77% (308/402),65% (175/269),60%,40%,8,3,7,8,6,6,5,8,0,3,16,21,13,14,0.00,1.90,1.90,0.00
08KFXF9L,1,1,11,35,2.12,0.62,10,2,,,20% (4/20),40% (6/15),2,7,76% (16/21),53% (8/15),59,51,0,0,1,0,18,16,3,0,2.03,1.87,-0.10,1.98,3,5,3,11,19,19,16,18,0,0,66% (42/64),31% (13/42),72% (111/155),73% (56/77),85% (461/545),79% (262/331),62%,38%,2,2,10,6,3,3,3,3,8,4,25,17,13,9,2.98,2.12,2.12,2.98
A1UET68m,0,0,22,29,0.51,0.34,4,7,,,43% (6/14),19% (3/16),1,3,61% (14/23),47% (14/30),51,67,0,0,0,0,12,11,0,0,0.56,0.31,-0.80,-1.06,0,0,4,8,23,20,11,12,0,1,44% (23/52),36% (16/45),74% (104/140),75% (78/104),79% (298/375),82% (345/419),47%,53%,4,4,7,3,11,7,9,4,5,2,19,16,18,10,0.41,0.20,0.20,0.41
4tR6Zyu9,0,0,11,27,0.31,2.42,5,3,,,20% (5/25),44% (7/16),4,5,57% (8/14),53% (9/17),40,44,0,0,1,1,12,14,0,1,0.47,3.50,1.56,0.20,1,6,4,8,14,16,14,12,0,0,56% (22/39),50% (21/42),76% (96/126),76% (67/88),91% (607/665),85% (289/339),66%,34%,3,5,4,13,7,8,3,10,5,6,20,29,11,21,0.20,3.56,3.56,0.20
xzZKBYn2,1,0,7,27,0.84,0.27,7,1,,,29% (4/14),29% (2/7),0,8,50% (6/12),56% (5/9),35,31,0,0,1,1,12,9,0,2,1.07,0.22,0.00,-0.62,1,0,6,7,19,11,6,9,0,0,42% (11/26),55% (17/31),78% (116/148),62% (23/37),86% (356/415),84% (235/281),60%,40%,8,3,9,4,8,1,4,3,10,0,34,9,22,6,2.37,0.00,0.00,2.37
422snFOE,0,0,20,40,2.02,0.27,2,5,,,23% (5/22),29% (5/17),4,2,58% (11/19),71% (12/17),56,49,0,0,2,0,15,14,2,1,1.68,0.88,0.50,-0.20,3,1,0,13,25,15,14,15,0,0,61% (33/54),47% (20/43),76% (155/204),70% (53/76),88% (549/625),81% (281/348),64%,36%,8,3,12,8,8,3,9,4,3,4,32,15,20,11,0.80,0.50,0.50,0.80
2HKxae3d,1,2,27,20,0.92,0.84,6,5,,,13% (2/15),52% (11/21),2,2,89% (16/18),86% (12/14),46,45,0,0,0,1,18,14,5,0,0.88,0.47,0.37,-0.61,1,1,13,15,22,17,14,18,3,0,56% (34/61),39% (22/56),69% (77/111),60% (59/98),81% (355/440),77% (299/390),53%,47%,3,2,6,8,7,2,6,6,4,2,15,17,13,10,0.39,0.37,0.37,0.39
pIVb6wBM,0,0,16,30,0.74,0.76,4,3,,,16% (3/19),13% (2/15),6,2,70% (14/20),61% (11/18),60,62,0,0,0,0,18,17,0,1,0.35,1.81,0.25,-0.64,0,3,9,11,24,17,17,18,0,0,45% (25/55),53% (20/38),73% (79/108),68% (52/77),85% (399/471),84% (385/457),51%,49%,3,1,4,8,7,6,5,4,3,9,14,18,11,14,0.06,3.25,3.25,0.06
IP2PMbe3,1,1,27,13,0.49,0.41,4,6,,,41% (7/17),23% (3/13),2,5,82% (18/22),71% (10/14),56,41,0,0,0,0,13,12,1,3,1.17,0.56,-0.08,0.41,2,0,6,7,14,21,12,13,0,0,47% (27/58),47% (17/36),63% (66/104),75% (80/107),80% (284/357),87% (463/531),41%,59%,6,4,8,8,8,4,4,5,6,3,22,20,16,12,1.43,0.92,0.92,1.43
n5ftJGfS,1,1,8,37,1.05,0.63,15,0,,,28% (12/43),33% (1/3),1,8,69% (11/16),58% (11/19),53,55,0,0,1,1,16,17,5,2,2.90,0.75,-0.21,0.20,4,2,4,7,29,17,17,16,0,1,48% (19/40),28% (15/53),77% (113/147),68% (34/50),83% (340/408),75% (251/333),57%,43%,12,1,19,4,13,4,10,4,10,4,37,14,32,9,2.35,1.79,1.79,2.35
Uk7V0HYq,0,0,14,21,0.20,2.32,4,1,1,0,8% (1/13),25% (4/16),2,2,86% (6/7),60% (6/10),26,27,0,0,0,1,3,11,1,0,0.27,2.16,-0.17,0.39,0,3,9,10,16,13,11,3,0,0,59% (23/39),67% (26/39),61% (53/87),91% (219/241),83% (280/337),94% (683/726),33%,67%,1,2,2,10,7,4,6,7,2,5,6,38,9,14,0.39,1.83,1.83,0.39
jw1XKxQF,0,2,42,62,1.36,0.40,9,4,0,1,19% (6/31),21% (5/24),2,2,55% (12/22),73% (16/22),68,75,0,0,0,0,16,18,4,4,0.66,0.65,0.23,0.11,1,0,6,8,30,31,18,16,0,0,34% (33/96),35% (31/88),50% (57/115),48% (55/114),58% (163/282),59% (160/269),52%,48%,3,6,6,8,3,10,4,10,2,2,20,15,9,18,0.14,0.23,0.23,0.14
zRIyxy0E,1,0,16,23,0.63,0.44,6,0,,,22% (4/18),25% (3/12),1,7,71% (10/14),86% (12/14),39,43,0,1,0,0,12,11,2,3,2.62,0.53,-1.11,-0.08,4,1,8,2,21,16,11,12,0,0,63% (35/56),48% (20/42),75% (98/131),69% (51/74),89% (456/515),85% (311/364),58%,42%,2,2,11,4,5,5,4,4,10,3,24,9,16,9,2.92,0.89,0.89,2.92
f9A0crSi,0,0,14,39,1.06,0.51,9,1,,,18% (5/28),17% (1/6),1,4,67% (10/15),81% (13/16),47,54,1,0,0,0,13,10,1,1,0.61,0.62,-1.08,0.33,2,1,12,8,24,23,10,13,1,1,49% (18/37),45% (25/55),72% (104/145),66% (50/76),85% (431/506),83% (430/519),50%,50%,7,1,7,4,8,4,4,4,4,3,24,8,15,8,0.33,0.92,0.92,0.33
GQ5LZvzo,0,0,35,11,0.47,0.65,5,13,,,29% (5/17),25% (8/32),4,1,82% (18/22),56% (9/16),48,53,0,0,0,0,17,13,2,0,1.24,0.68,-0.26,-0.19,2,0,10,7,18,28,13,17,0,0,48% (21/44),71% (49/69),77% (56/73),76% (127/168),75% (180/241),85% (359/421),36%,64%,3,8,7,8,7,10,8,5,3,5,15,24,14,18,1.81,0.74,0.74,1.81
Ol2Hg0RG,1,1,20,36,0.77,0.53,8,8,0,1,21% (6/29),15% (3/20),3,3,58% (7/12),47% (8/17),56,59,0,0,0,0,15,16,3,3,0.75,0.47,-0.45,0.48,0,1,6,9,18,12,16,15,0,0,45% (26/58),36% (19/53),58% (61/106),62% (45/73),77% (273/354),79% (343/432),46%,54%,3,1,8,4,6,4,8,3,3,4,23,10,14,8,0.48,0.55,0.55,0.48
tnnXeVjm,1,0,19,29,0.76,0.13,8,3,,,16% (5/31),8% (1/13),2,3,67% (10/15),78% (14/18),40,40,0,0,0,0,8,16,5,2,1.05,0.39,0.44,0.59,4,1,8,11,29,17,16,8,1,0,60% (29/48),25% (13/53),77% (123/159),51% (24/47),90% (566/629),72% (179/250),71%,29%,4,1,8,2,5,4,6,3,3,2,19,5,13,6,0.62,0.44,0.44,0.62
pQ3FwlyJ,0,0,18,18,1.61,0.70,2,4,,,30% (3/10),29% (5/17),3,8,72% (13/18),67% (12/18),43,43,0,1,0,0,10,11,2,2,2.43,0.38,0.45,-0.86,4,0,5,4,16,12,11,10,4,0,70% (30/43),51% (24/47),73% (83/114),73% (61/83),91% (563/621),84% (275/326),65%,35%,0,4,13,4,3,7,3,4,13,3,30,9,16,11,4.14,0.45,0.45,4.14
WE5PivdT,0,1,23,38,0.82,1.61,5,7,,,14% (3/21),43% (6/14),7,5,71% (17/24),60% (15/25),54,69,0,0,0,0,11,15,4,0,0.52,2.65,2.13,0.46,1,4,6,8,34,24,15,11,0,0,55% (26/47),37% (19/51),70% (76/109),65% (70/107),84% (342/406),78% (254/326),56%,44%,5,1,5,13,9,5,4,8,5,9,19,31,14,18,0.46,4.13,4.13,0.46
lCkuf9La,0,0,23,27,0.54,0.75,5,4,1,0,14% (3/21),40% (6/15),2,4,63% (10/16),57% (13/23),50,49,0,0,0,0,13,16,0,1,1.03,0.55,-0.64,0.84,1,0,7,5,14,16,16,13,0,0,44% (14/32),54% (26/48),74% (68/92),81% (118/146),84% (253/300),87% (482/551),36%,64%,4,6,12,5,5,7,9,3,4,3,22,21,17,12,0.84,0.36,0.36,0.84
pvqlhmjC,0,0,26,24,0.39,0.74,2,7,,,27% (3/11),10% (2/20),4,3,60% (9/15),45% (9/20),57,44,0,0,0,0,10,20,1,1,1.06,0.61,0.43,0.02,1,1,8,3,23,27,20,10,1,0,50% (23/46),59% (35/59),71% (88/124),64% (74/115),82% (333/407),83% (351/424),49%,51%,4,5,4,4,8,6,4,1,4,4,12,18,12,10,1.02,0.43,0.43,1.02
dEA01iTP,1,0,12,33,2.00,0.78,7,3,,,25% (11/44),33% (2/6),1,4,90% (9/10),77% (10/13),35,39,0,0,0,0,13,9,1,2,1.86,0.52,-0.37,1.43,3,1,7,8,31,15,9,13,0,0,63% (15/24),41% (24/59),82% (141/171),67% (46/69),92% (643/702),79% (281/356),67%,33%,8,0,15,3,5,1,8,1,4,3,34,12,20,4,1.43,1.65,1.65,1.43
2ZD8eMd4,1,0,15,29,0.75,1.09,5,3,,,25% (5/20),46% (6/13),3,5,75% (12/16),53% (9/17),41,45,0,0,0,1,13,11,2,2,2.34,1.86,0.55,0.85,2,2,9,6,18,11,11,13,0,1,39% (15/38),39% (9/23),79% (94/119),69% (54/78),87% (411/472),85% (286/337),59%,41%,4,5,7,6,6,8,2,5,7,4,23,14,13,14,2.85,1.55,1.55,2.85
MNjPSWM0,0,1,30,23,0.79,0.35,6,2,1,0,42% (5/12),25% (3/12),2,4,72% (13/18),62% (8/13),56,47,0,0,0,1,17,22,1,0,0.82,0.25,0.11,-0.40,1,0,5,10,16,21,22,17,0,0,53% (30/57),54% (39/72),55% (48/87),64% (58/91),82% (305/374),80% (321/401),48%,52%,3,1,7,5,5,2,4,4,5,2,16,11,12,7,0.60,0.11,0.11,0.60
GpCbsWyf,0,0,31,24,0.50,1.05,6,8,1,0,15% (4/27),13% (2/15),6,1,45% (5/11),42% (8/19),36,45,0,0,1,1,14,10,0,2,0.96,2.30,0.50,0.24,0,2,8,8,20,17,10,14,0,1,55% (27/49),48% (20/42),73% (61/84),71% (84/118),87% (363/416),86% (384/444),49%,51%,5,4,6,13,4,4,4,5,1,8,25,30,10,17,0.24,2.50,2.50,0.24
KIIkqh7s,0,1,23,31,0.43,0.66,5,5,,,21% (7/34),23% (3/13),1,7,80% (8/10),80% (12/15),42,45,0,0,0,0,14,15,2,1,1.13,0.91,-0.29,0.67,3,2,6,7,25,15,15,14,0,1,57% (21/37),42% (21/50),84% (90/107),67% (49/73),88% (322/364),74% (202/274),58%,42%,4,2,8,2,11,6,8,4,7,2,15,6,19,8,0.67,0.71,0.71,0.67
UPBpzFUQ,0,0,13,35,0.43,0.46,3,3,,,11% (3/28),9% (1/11),1,3,61% (14/23),59% (13/22),58,54,0,0,0,0,13,18,2,1,1.79,1.67,-0.50,1.47,3,2,2,6,25,21,18,13,0,0,40% (18/45),36% (20/56),71% (90/127),62% (54/87),82% (296/360),79% (297/375),50%,50%,6,3,9,6,4,1,4,1,3,3,24,10,13,7,1.47,1.50,1.50,1.47
lbA6uA66,0,0,29,28,1.14,0.82,6,4,0,1,43% (9/21),32% (6/19),3,3,81% (13/16),76% (13/17),57,48,0,1,0,1,11,10,3,1,0.80,1.27,-0.25,0.13,2,0,13,8,25,20,10,11,1,0,53% (26/49),53% (35/66),67% (65/97),74% (93/126),78% (250/322),86% (477/555),38%,62%,4,5,9,11,5,6,6,8,4,4,25,19,14,17,1.13,0.75,0.75,1.13
AqXJlEqK,0,0,49,13,0.60,0.75,4,17,,,18% (2/11),10% (4/40),3,1,50% (10/20),41% (7/17),60,43,0,0,1,1,10,13,2,2,1.22,1.13,0.25,-0.22,2,3,6,6,5,12,13,10,2,0,42% (20/48),69% (37/54),57% (48/84),84% (130/154),77% (213/276),89% (502/563),32%,68%,2,4,4,8,5,8,5,9,2,3,11,33,9,16,0.78,0.25,0.25,0.78
UmfXQAiD,0,0,16,11,0.41,0.45,1,1,,,20% (2/10),15% (2/13),0,2,69% (9/13),80% (8/10),44,46,0,0,0,0,24,18,0,0,1.29,0.57,0.00,0.91,1,2,19,10,20,26,18,24,1,1,44% (21/48),54% (32/59),70% (71/102),62% (56/90),84% (355/422),81% (341/419),50%,50%,3,0,6,3,7,3,8,6,2,0,13,11,13,6,0.91,0.00,0.00,0.91
8KQkEX77,0,1,13,44,0.74,0.46,6,2,,,29% (6/21),17% (2/12),1,3,73% (11/15),45% (9/20),52,50,0,0,1,1,11,16,0,1,1.13,0.66,0.03,0.13,1,2,2,7,22,17,16,11,0,0,56% (22/39),39% (14/36),76% (99/131),66% (39/59),86% (371/432),88% (371/422),51%,49%,2,1,9,4,8,3,10,4,5,2,23,5,17,7,1.13,1.03,1.03,1.13
QecGUhhl,0,0,28,30,0.81,0.14,5,4,,,20% (5/25),7% (1/14),1,3,82% (14/17),67% (14/21),46,56,0,0,0,1,19,11,0,1,0.50,1.83,-0.26,0.72,0,2,5,10,30,19,11,19,0,0,54% (29/54),42% (24/57),75% (93/124),65% (50/77),84% (397/473),84% (388/463),51%,49%,8,1,8,4,5,3,2,3,3,3,15,10,13,7,0.72,1.74,1.74,0.72
KKmIHoc2,1,0,30,36,0.68,0.16,15,1,,,27% (9/33),13% (1/8),3,4,75% (9/12),80% (16/20),42,52,0,0,0,0,15,17,1,2,1.44,0.17,0.31,0.96,3,0,9,8,32,28,17,15,0,0,53% (20/38),41% (26/63),63% (70/111),60% (50/83),79% (224/282),73% (195/268),53%,47%,9,0,13,3,8,4,8,4,4,3,26,7,21,7,0.96,0.31,0.31,0.96
xdI2PcG8,2,0,4,41,1.31,0.52,6,2,,,19% (7/37),71% (5/7),1,10,64% (16/25),68% (13/19),60,43,0,0,0,0,10,10,1,3,2.28,0.48,-0.05,1.15,2,1,10,16,28,21,10,10,0,0,73% (35/48),41% (23/56),81% (193/238),55% (21/38),89% (552/620),78% (252/324),66%,34%,4,3,13,5,12,3,9,3,11,2,38,9,24,8,2.15,1.01,1.01,2.15
CfpAJ7Sk,0,0,47,20,0.20,0.33,8,12,,,20% (4/20),25% (7/28),3,1,67% (10/15),74% (14/19),64,53,0,0,0,0,15,12,1,0,0.32,0.73,-0.18,-0.39,0,0,7,10,18,17,12,15,0,0,52% (25/48),36% (22/61),66% (55/83),54% (57/105),79% (270/340),75% (260/346),49%,51%,4,7,4,8,5,7,3,3,2,5,14,21,9,15,0.61,1.82,1.82,0.61
bmlZHfio,0,0,17,31,0.82,0.45,7,3,,,21% (5/24),50% (5/10),2,3,67% (4/6),50% (10/20),50,51,0,0,0,1,9,23,2,2,0.68,0.54,0.47,0.73,1,1,12,4,18,19,23,9,1,0,68% (44/65),51% (26/51),78% (113/145),65% (40/62),89% (463/522),82% (294/358),60%,40%,8,1,8,7,7,1,4,5,3,2,24,15,15,8,0.73,0.47,0.47,0.73
A9GANyoL,0,1,28,15,1.23,1.26,1,10,1,1,20% (1/5),24% (9/37),7,0,79% (15/19),58% (7/12),61,42,0,0,1,0,12,23,0,1,0.44,2.14,1.11,-1.02,1,4,9,8,11,22,23,12,0,0,45% (19/42),58% (11/19),69% (47/68),84% (106/126),82% (274/333),90% (329/367),46%,54%,3,4,5,12,3,11,3,11,2,8,17,19,8,23,0.98,2.11,2.11,0.98
n9UTwxE4,0,0,20,16,0.98,0.67,5,2,0,1,33% (7/21),25% (2/8),1,1,58% (7/12),65% (11/17),46,36,0,0,0,0,8,14,0,0,0.82,0.50,0.50,0.01,1,1,5,3,20,16,14,8,0,0,79% (33/42),37% (13/35),79% (77/98),52% (34/66),91% (484/533),83% (269/323),63%,37%,4,2,5,3,6,2,5,3,2,1,9,12,11,6,1.01,0.00,0.50,1.01
n5xsGgwe,0,1,24,25,0.48,1.32,5,5,,,24% (5/21),33% (4/12),6,0,68% (13/19),92% (11/12),49,47,0,0,1,0,18,13,0,0,0.45,1.73,1.02,-0.97,0,3,7,7,15,19,13,18,0,0,40% (17/42),42% (16/38),61% (51/84),77% (95/124),75% (192/256),89% (506/568),33%,67%,3,5,5,8,4,9,5,5,1,7,18,20,9,17,0.03,2.02,2.02,0.03
h6XyxGrH,0,0,16,22,0.93,0.51,8,3,,,38% (10/26),33% (2/6),2,3,75% (12/16),50% (4/8),51,43,0,0,0,0,14,13,1,0,2.63,1.06,-0.43,-0.19,4,1,18,7,18,29,13,14,0,1,37% (14/38),44% (27/62),69% (102/147),42% (25/60),86% (414/484),74% (239/325),61%,39%,6,0,14,3,6,0,9,0,5,3,25,10,20,3,1.81,1.10,1.10,1.81
jsyLubqh,1,0,39,18,1.88,0.88,4,7,1,1,38% (5/13),7% (2/27),3,4,78% (7/9),71% (12/17),43,42,0,0,0,0,12,11,3,1,1.60,0.87,0.42,-0.56,2,1,2,5,18,18,11,12,0,1,52% (23/44),47% (21/45),75% (75/100),68% (78/115),86% (356/413),83% (325/393),50%,50%,3,1,7,4,7,6,4,6,7,3,22,18,14,10,2.44,0.42,0.42,2.44
vuZYHF8r,0,0,29,34,0.37,0.76,5,8,,,15% (2/13),45% (9/20),4,1,54% (13/24),50% (5/10),57,51,0,0,1,0,14,16,3,2,0.59,0.65,1.26,-0.72,1,1,5,5,16,25,16,14,1,0,49% (29/59),46% (16/35),55% (39/71),71% (99/140),79% (265/334),84% (379/452),42%,58%,2,1,3,4,4,5,2,4,3,4,11,22,7,9,1.28,1.26,1.26,1.28
WIuDCaF5,0,0,12,44,0.95,0.36,9,6,,,26% (9/35),33% (6/18),6,1,80% (8/10),57% (8/14),54,46,0,0,0,1,11,21,5,3,0.79,0.60,0.52,0.57,0,1,4,7,22,12,21,11,1,0,46% (24/52),48% (21/44),67% (86/129),64% (34/53),82% (398/483),77% (187/242),67%,33%,7,0,6,8,8,5,6,7,1,6,20,11,14,13,0.57,0.52,0.52,0.57
2wldGsGt,0,0,30,17,0.29,0.88,2,7,,,0% (0/8),29% (5/17),5,1,75% (12/16),70% (7/10),41,42,0,1,1,1,11,10,2,1,1.01,1.06,0.30,-2.74,1,1,10,9,26,27,10,11,0,0,47% (25/53),42% (14/33),72% (62/86),72% (64/89),80% (318/396),86% (442/515),43%,57%,3,6,10,9,2,10,4,8,5,5,15,19,12,19,1.26,0.30,0.30,1.26
ptnT8HEU,0,0,12,33,1.28,0.52,10,0,,,33% (9/27),0% (0/5),0,2,71% (15/21),64% (9/14),51,41,2,0,0,0,15,7,3,0,2.33,0.72,-1.26,-0.73,3,1,16,7,22,23,7,15,0,1,30% (12/40),39% (19/49),75% (89/119),58% (45/77),85% (386/456),81% (319/392),55%,45%,4,1,9,1,5,4,5,2,5,2,19,6,14,5,2.27,0.74,0.74,2.27
Ohx5ELpg,0,0,18,39,1.26,0.36,10,1,,,28% (9/32),10% (1/10),2,3,57% (12/21),69% (20/29),64,70,0,0,1,0,12,16,2,0,1.29,0.31,0.88,0.80,1,1,10,10,20,15,16,12,1,1,48% (26/54),26% (15/58),64% (76/118),62% (38/61),80% (373/464),76% (276/363),57%,43%,3,2,8,5,9,1,10,2,4,2,30,10,17,6,1.80,0.88,0.88,1.80
v372NGTN,0,1,20,28,1.69,1.07,7,4,,,33% (7/21),31% (4/13),2,4,71% (10/14),72% (13/18),35,46,1,0,1,0,11,5,0,2,1.08,1.36,-1.60,1.37,1,2,10,7,25,22,5,11,2,2,56% (25/45),45% (19/42),70% (87/125),65% (57/88),82% (330/403),85% (430/506),45%,55%,0,2,6,9,5,8,7,9,4,6,24,20,11,17,1.37,1.40,1.40,1.37
CE8ndvVO,2,0,12,24,0.98,0.76,8,2,1,0,19% (5/26),43% (3/7),2,4,78% (14/18),47% (8/17),44,42,0,0,1,0,11,9,3,1,1.62,0.47,0.30,-0.41,3,1,5,4,19,14,9,11,0,0,61% (27/44),40% (14/35),83% (124/150),76% (56/74),90% (488/543),85% (295/349),61%,39%,6,0,13,4,1,2,3,4,5,2,27,12,14,6,0.59,0.30,0.30,0.59
O6HwTKan,1,0,17,34,0.37,1.04,6,4,,,8% (1/13),27% (4/15),2,2,71% (15/21),69% (11/16),47,54,0,0,0,0,14,11,0,4,0.64,1.00,0.14,-0.29,0,2,9,9,28,24,11,14,0,0,46% (24/52),61% (36/59),56% (30/54),74% (94/127),72% (210/290),85% (412/484),38%,62%,6,1,7,8,9,3,7,7,3,3,18,26,16,11,0.71,1.14,1.14,0.71
CSmLAwpI,0,1,28,12,0.62,0.38,4,5,,,17% (2/12),16% (3/19),2,3,73% (8/11),50% (9/18),40,47,0,0,0,0,14,19,4,0,2.68,1.35,0.91,0.36,4,2,9,6,17,15,19,14,0,0,55% (22/40),67% (33/49),63% (42/67),70% (57/81),83% (242/290),86% (441/511),36%,64%,3,4,8,5,6,5,6,3,5,3,13,11,14,10,2.36,1.91,1.91,2.36
WWKoRbUb,1,0,24,25,0.92,0.90,6,3,1,0,20% (4/20),32% (9/28),4,2,100% (7/7),67% (4/6),42,29,0,0,0,1,7,17,1,0,1.98,0.67,-0.18,-0.42,4,0,5,5,16,10,17,7,0,0,44% (19/43),71% (24/34),67% (62/93),86% (166/192),83% (281/339),91% (571/625),36%,64%,4,5,8,10,4,6,4,6,4,5,15,24,12,16,1.58,0.82,0.82,1.58
hn9fPxaB,1,0,20,25,0.57,0.09,5,4,,,44% (7/16),0% (0/12),1,8,69% (20/29),100% (7/7),58,35,0,0,0,1,13,14,0,3,2.59,0.12,0.03,0.19,5,0,14,5,18,34,14,13,0,0,35% (23/66),45% (20/44),58% (53/91),56% (33/59),79% (259/329),77% (272/351),49%,51%,2,2,16,2,4,2,5,1,13,1,27,13,20,4,5.19,0.03,0.03,5.19
hChob00C,0,0,22,46,0.44,1.01,3,5,,,21% (4/19),14% (2/14),6,6,71% (12/17),69% (11/16),57,53,0,0,1,1,12,16,2,3,0.72,1.28,0.46,1.07,1,1,7,17,27,15,16,12,0,1,35% (17/49),51% (42/83),43% (39/91),75% (106/142),73% (252/345),83% (350/424),45%,55%,3,15,6,20,7,6,4,4,6,7,17,37,13,26,1.07,0.46,0.46,1.07
6eU3oNG6,1,0,29,18,0.62,0.48,4,4,,,5% (1/20),21% (4/19),3,3,56% (9/16),78% (14/18),54,56,0,0,1,0,8,12,1,0,0.70,0.51,0.93,0.58,1,0,9,10,16,22,12,8,0,0,51% (27/53),48% (22/46),84% (132/157),70% (98/140),87% (441/509),81% (363/446),53%,47%,4,3,7,6,8,6,7,6,4,3,25,22,15,12,1.58,0.93,0.93,1.58
ChXBq1oJ,1,0,27,14,0.64,0.83,6,5,,,30% (7/23),19% (4/21),3,9,70% (16/23),73% (8/11),50,45,0,0,0,1,18,9,2,1,1.21,0.18,-0.58,-0.19,3,1,10,7,18,22,9,18,0,0,30% (13/43),53% (25/47),70% (75/107),77% (95/124),81% (278/344),87% (446/514),41%,59%,4,0,11,4,6,2,2,2,11,4,20,14,17,6,1.81,0.42,0.42,1.81
hlAb74wQ,0,1,39,32,0.53,0.78,3,6,,,14% (2/14),23% (5/22),1,2,82% (18/22),65% (17/26),59,65,0,0,2,0,10,19,0,3,0.62,0.47,0.04,-0.27,2,1,11,7,21,21,19,10,1,0,29% (12/41),57% (30/53),61% (41/67),79% (102/129),80% (285/356),86% (370/429),45%,55%,2,5,6,6,2,7,3,7,3,1,11,23,8,13,0.73,0.04,0.04,0.73
rFKE7DX8,0,0,36,22,0.49,1.22,7,11,,,8% (2/25),29% (6/21),1,5,75% (15/20),77% (10/13),44,45,1,0,0,2,11,8,1,2,0.69,1.19,-0.17,0.39,2,3,6,5,14,15,8,11,0,1,54% (15/28),48% (20/42),76% (73/96),80% (116/145),87% (356/407),85% (321/377),52%,48%,4,3,6,5,7,11,4,11,5,2,19,27,13,16,0.39,0.83,0.83,0.39
OW0U1r1m,1,0,31,23,1.16,0.87,3,3,,,6% (1/17),14% (4/28),4,1,69% (11/16),78% (7/9),36,38,0,0,0,0,11,8,2,0,1.59,1.28,0.90,0.00,4,2,18,9,17,22,8,11,0,1,39% (17/44),53% (27/51),72% (71/98),66% (81/122),85% (361/425),85% (387/455),48%,52%,3,8,4,10,5,6,4,4,2,4,20,18,9,16,1.64,0.90,0.90,1.64
Kbfw0MVa,1,0,20,19,0.81,0.64,3,3,,,50% (9/18),20% (4/20),3,7,87% (13/15),47% (7/15),64,50,0,0,1,0,15,31,5,3,1.17,0.92,0.13,0.69,2,2,5,10,20,19,31,15,0,0,44% (25/57),45% (20/44),56% (44/78),67% (49/73),78% (262/336),82% (271/330),50%,50%,4,3,12,7,6,5,6,6,8,3,25,8,18,12,1.69,0.13,0.13,1.69
xGxmk5Hs,2,0,15,26,2.26,1.06,3,7,0,1,33% (10/30),31% (5/16),2,5,80% (4/5),60% (12/20),44,52,0,0,0,1,11,13,3,3,4.36,1.04,-0.27,-0.05,6,2,8,9,24,11,13,11,0,0,75% (50/67),18% (7/39),80% (101/126),59% (49/83),90% (510/569),77% (239/310),65%,35%,5,1,14,5,8,3,8,3,9,4,24,14,22,8,4.16,1.73,1.73,4.16
j7ITqAu2,0,1,30,46,2.00,0.30,10,6,,,35% (13/37),19% (3/16),4,6,67% (16/24),58% (14/24),60,63,0,0,0,1,12,13,0,6,1.91,1.07,-0.10,0.77,4,2,6,9,26,24,13,12,1,0,59% (34/58),44% (27/61),75% (139/185),62% (48/78),84% (457/543),75% (243/326),63%,37%,4,4,16,11,4,0,8,2,8,5,37,17,20,11,2.77,0.90,0.90,2.77
ATzemqnf,0,0,28,26,0.66,0.87,5,13,,,21% (5/24),15% (4/27),1,4,30% (3/10),74% (14/19),47,45,0,0,1,0,15,19,2,1,1.72,0.89,0.01,1.14,3,0,9,4,18,9,19,15,0,0,69% (31/45),35% (16/46),80% (70/88),66% (68/103),89% (357/403),81% (264/326),55%,45%,4,9,8,12,6,5,6,7,4,1,18,19,14,17,1.14,0.01,0.01,1.14
OjP6vF3M,0,0,19,29,0.91,1.00,6,10,,,38% (10/26),25% (4/16),4,2,55% (11/20),58% (7/12),60,41,1,0,0,0,13,15,3,1,1.09,1.43,-0.47,-0.52,1,5,3,9,24,16,15,13,0,1,56% (24/43),46% (17/37),68% (69/102),69% (53/77),82% (317/386),83% (277/333),54%,46%,6,5,12,11,7,5,10,5,3,6,24,26,19,16,0.48,1.53,1.53,0.48
Gl4oXWed,0,0,31,27,1.03,0.61,4,8,,,32% (8/25),39% (12/31),6,3,44% (4/9),41% (9/22),39,62,0,0,0,1,18,12,1,0,1.01,0.81,1.26,0.07,1,1,3,3,19,26,12,18,0,0,44% (15/34),49% (24/49),70% (76/109),77% (86/111),81% (262/324),85% (363/426),43%,57%,1,3,8,9,3,6,6,6,4,6,23,22,11,15,1.07,1.26,1.26,1.07
GQLbtyZ9,0,1,12,47,1.26,0.71,6,4,,,35% (11/31),40% (4/10),4,2,38% (3/8),73% (11/15),50,52,0,0,0,0,12,16,4,1,1.45,0.56,0.12,0.79,0,1,4,8,27,10,16,12,0,1,60% (27/45),55% (27/49),65% (76/117),75% (88/118),84% (363/432),87% (392/451),50%,50%,6,1,15,7,6,4,13,5,2,5,35,23,21,11,0.79,1.12,1.12,0.79
2sptgEIF,0,0,18,33,1.37,0.84,6,2,,,29% (10/35),33% (3/9),7,2,76% (13/17),41% (7/17),44,60,0,0,0,0,20,11,1,2,1.31,1.56,0.54,0.02,2,2,4,11,19,19,11,20,0,1,53% (26/49),36% (16/44),79% (94/119),70% (71/101),88% (387/441),84% (323/385),55%,45%,7,1,10,7,4,4,4,2,3,8,31,14,14,11,1.02,1.85,1.85,1.02
4UIBKgCj,2,0,12,22,1.02,0.43,10,3,,,23% (3/13),38% (6/16),2,2,77% (10/13),53% (10/19),36,41,0,1,0,1,14,12,2,2,2.12,0.21,0.07,-1.34,4,0,7,5,10,8,12,14,1,1,82% (27/33),66% (31/47),82% (98/119),80% (48/60),92% (474/516),90% (393/439),54%,46%,4,2,10,5,7,3,7,4,6,2,33,12,17,8,2.66,0.16,0.16,2.66
dO5crc4c,1,1,19,16,1.18,0.60,6,3,,,31% (5/16),8% (1/12),1,5,65% (13/20),33% (5/15),52,59,0,1,0,0,21,9,2,2,0.84,0.26,0.62,-0.38,1,0,4,7,16,23,9,21,2,1,57% (27/47),60% (27/45),76% (86/113),83% (109/132),87% (344/395),89% (552/617),39%,61%,1,2,11,3,4,5,7,5,7,1,28,12,15,8,1.62,0.62,0.62,1.62
UiUKoWAk,0,1,36,35,1.20,0.29,6,6,0,1,17% (4/24),18% (3/17),1,8,83% (10/12),43% (6/14),48,39,0,0,1,0,11,9,2,3,1.47,0.67,0.15,1.43,4,0,8,11,19,27,9,11,1,0,43% (17/40),22% (10/46),72% (107/149),52% (43/83),84% (412/490),77% (272/355),58%,42%,2,7,8,8,8,2,6,2,8,1,23,13,16,10,1.43,0.15,0.15,1.43
b9wkihmS,0,0,38,17,0.83,1.14,3,2,,,29% (4/14),18% (3/17),3,1,74% (20/27),65% (11/17),61,45,0,1,0,0,13,19,1,1,0.54,0.79,0.38,-0.68,2,2,9,9,17,22,19,13,1,1,46% (16/35),68% (30/44),62% (37/60),79% (123/155),81% (237/294),88% (389/442),40%,60%,1,6,5,6,2,8,4,4,2,4,16,19,7,14,0.32,1.38,1.38,0.32
8O0wZhRq,0,0,31,26,0.64,0.67,9,7,,,36% (8/22),22% (5/23),4,4,56% (9/16),92% (12/13),37,44,0,0,0,0,11,5,1,3,1.73,1.73,-0.92,1.13,3,2,9,11,17,20,5,11,0,0,46% (19/41),40% (19/47),70% (62/88),72% (83/115),75% (210/281),83% (387/466),38%,62%,7,2,11,8,9,9,7,9,6,6,18,20,20,17,3.13,1.08,1.08,3.13
UToYfzl3,0,0,24,25,0.86,0.30,9,2,,,47% (7/15),15% (2/13),0,4,58% (14/24),86% (12/14),54,51,0,0,0,0,17,8,4,5,1.28,0.27,-0.81,-1.22,4,1,5,6,21,18,8,17,0,0,48% (25/52),39% (15/38),59% (47/79),59% (27/46),83% (327/394),83% (288/347),53%,47%,3,1,6,3,7,1,3,2,7,1,19,8,13,4,1.78,0.19,0.19,1.78
G4pOTck4,0,0,18,28,0.90,0.55,3,4,,,22% (5/23),26% (5/19),2,3,76% (13/17),54% (13/24),63,58,0,0,0,0,14,18,5,1,1.69,1.21,1.25,0.38,3,1,3,7,14,15,18,14,0,1,50% (16/32),37% (17/46),85% (150/177),68% (46/68),90% (516/572),80% (243/304),65%,35%,1,3,9,6,4,4,8,5,4,2,19,15,13,10,1.38,1.25,1.25,1.38
CIbbDx5N,2,1,35,16,0.65,0.84,4,9,,,44% (7/16),14% (4/28),4,5,53% (9/17),55% (12/22),54,57,0,0,0,0,17,13,1,1,1.21,0.77,0.37,-0.05,1,2,14,12,20,14,13,17,0,0,60% (28/47),47% (20/43),77% (88/115),73% (91/124),80% (279/349),84% (399/477),42%,58%,4,3,13,5,7,7,10,5,6,4,35,21,20,12,0.88,0.37,0.37,0.88
ru2NBPTI,0,0,22,23,1.07,0.55,6,4,,,15% (4/26),12% (2/17),2,4,56% (10/18),44% (4/9),50,31,0,0,0,0,12,14,1,1,1.18,0.60,0.10,0.21,4,1,6,7,21,9,14,12,0,0,62% (26/42),49% (21/43),84% (137/163),75% (72/96),92% (598/652),87% (347/398),62%,38%,0,4,8,4,3,3,6,0,5,3,27,12,11,7,1.31,1.10,1.10,1.31
xKYWRyKG,0,0,22,37,0.53,0.26,8,2,,,21% (5/24),11% (1/9),2,4,48% (10/21),76% (22/29),62,64,0,0,0,1,12,13,1,4,1.20,1.00,-0.40,0.28,2,2,10,8,21,22,13,12,1,0,51% (23/45),37% (22/60),74% (105/142),52% (43/83),83% (314/378),80% (289/361),52%,48%,1,1,7,4,6,2,7,1,5,4,22,9,13,6,1.28,1.60,1.60,1.28
8lpU7GSp,0,0,24,14,1.03,0.78,8,4,0,1,23% (5/22),36% (4/11),2,5,50% (6/12),64% (9/14),44,36,0,0,0,0,13,14,1,1,1.01,0.29,0.92,0.92,1,0,9,6,26,16,14,13,0,1,69% (42/61),45% (26/58),71% (67/95),53% (40/76),85% (341/402),81% (273/336),55%,45%,2,3,9,4,4,3,5,2,6,2,20,14,13,7,1.73,0.95,0.95,1.73
Gj5kFbzB,0,0,27,29,1.41,1.01,5,5,,,0% (0/11),40% (10/25),2,1,55% (12/22),75% (21/28),52,83,0,0,1,0,17,14,2,1,1.57,1.45,0.66,-0.26,2,1,9,9,22,15,14,17,1,0,35% (17/48),49% (29/59),66% (54/82),74% (86/117),79% (256/324),85% (379/447),41%,59%,2,5,3,12,3,3,1,7,3,3,12,29,6,15,1.74,1.66,1.66,1.74
ppxuQFlT,1,0,42,38,0.47,1.38,5,3,,,13% (4/31),26% (6/23),4,4,67% (14/21),55% (6/11),50,54,0,0,2,1,18,10,1,0,1.21,2.24,-0.16,-1.13,0,2,10,6,31,18,10,18,0,0,47% (21/45),37% (15/41),65% (64/99),64% (70/110),78% (265/341),82% (362/439),45%,55%,6,15,12,18,6,7,6,4,6,6,23,43,18,25,0.86,1.84,1.84,0.86
OdSGVJKi,1,0,15,22,0.26,1.13,3,7,1,0,9% (1/11),29% (5/17),4,1,87% (27/31),59% (16/27),73,56,0,0,0,0,14,14,1,1,1.47,2.14,1.59,0.32,2,2,21,7,33,32,14,14,0,0,40% (29/73),51% (29/57),55% (62/112),72% (88/123),67% (188/282),81% (344/427),40%,60%,2,4,7,10,1,4,4,5,2,5,12,19,8,14,0.32,2.59,2.59,0.32
8KIYItyn,1,0,35,12,0.21,2.56,2,11,,,15% (2/13),31% (11/35),7,1,69% (9/13),71% (10/14),34,50,0,0,0,0,14,10,1,1,0.51,2.08,1.61,0.53,1,5,9,9,14,14,10,14,0,1,30% (15/50),66% (25/38),58% (35/60),86% (179/207),78% (238/306),90% (485/541),36%,64%,1,1,2,13,4,4,4,9,1,7,6,35,6,17,0.62,1.61,1.61,0.62
UZ6sHK5b,1,1,15,16,1.14,0.37,5,4,,,44% (4/9),26% (5/19),1,2,63% (12/19),65% (11/17),49,42,0,0,1,3,11,12,4,0,2.16,0.39,0.02,-0.63,3,0,13,17,24,20,12,11,2,0,59% (30/51),51% (19/37),68% (67/99),75% (75/100),86% (448/523),81% (289/359),58%,42%,4,1,14,5,3,5,9,7,4,2,30,15,17,10,1.37,1.02,1.02,1.37
6g1sFwJD,0,0,18,20,0.82,0.43,4,5,,,5% (1/19),27% (4/15),1,4,64% (14/22),75% (12/16),48,45,0,0,0,0,15,9,2,0,2.42,0.27,0.04,0.04,3,1,5,6,24,20,9,15,1,0,49% (19/39),37% (19/51),74% (83/112),76% (83/109),83% (272/327),85% (431/510),40%,60%,2,1,6,4,8,3,5,5,7,1,22,16,14,7,3.04,0.04,0.04,3.04
YBe820Z7,0,0,10,17,2.06,0.19,6,0,,,32% (6/19),0% (0/3),1,3,92% (11/12),29% (2/7),44,26,0,0,0,0,14,12,0,1,3.19,0.16,0.13,-1.86,7,0,5,9,10,8,12,14,1,0,69% (31/45),45% (19/42),84% (174/208),56% (23/41),92% (581/633),84% (253/301),68%,32%,4,1,11,1,7,3,6,2,9,1,29,2,19,4,4.14,0.13,0.13,4.14
hGSYILJl,0,1,40,11,0.70,0.89,3,6,,,43% (3/7),15% (3/20),4,3,74% (14/19),79% (11/14),51,45,0,0,1,0,11,17,0,4,2.18,0.98,0.69,0.14,3,0,12,9,10,17,17,11,0,0,47% (22/47),66% (35/53),67% (54/81),75% (109/145),81% (236/293),87% (427/493),37%,63%,2,4,7,7,4,9,4,8,5,4,15,26,11,16,2.14,0.69,0.69,2.14
K0HcHTas,0,1,23,24,0.90,1.14,5,5,,,26% (5/19),31% (9/29),3,6,64% (9/14),54% (7/13),36,48,0,0,0,0,15,10,4,4,1.11,1.02,0.79,-0.41,2,3,8,2,15,20,10,15,0,0,35% (18/51),43% (16/37),68% (63/93),76% (97/127),83% (324/391),90% (523/579),40%,60%,4,0,9,7,6,2,3,5,8,4,20,12,15,9,1.59,1.79,1.79,1.59
dps3OsdR,0,0,19,36,0.81,0.38,7,4,,,7% (2/27),27% (3/11),2,2,88% (15/17),50% (7/14),44,37,0,0,0,0,12,13,0,0,0.82,1.20,-0.66,0.37,0,1,11,8,22,23,13,12,0,1,65% (30/46),40% (20/50),70% (85/122),67% (55/82),84% (442/527),82% (313/384),58%,42%,1,2,5,3,5,5,7,2,2,4,15,11,10,8,0.37,1.34,1.34,0.37
lIQRMkxK,0,0,20,34,0.75,0.53,1,6,,,25% (6/24),20% (2/10),3,2,81% (17/21),59% (10/17),60,46,1,0,0,1,15,16,1,4,1.02,0.86,0.08,0.87,2,1,7,9,25,20,16,15,0,1,71% (39/55),37% (18/49),72% (108/150),61% (36/59),87% (510/584),77% (224/290),67%,33%,5,6,5,6,6,6,4,2,2,4,14,13,11,12,0.87,1.08,1.08,0.87
bTcZGal1,0,1,32,12,1.20,1.11,2,7,,,40% (6/15),23% (7/30),5,2,58% (7/12),75% (9/12),36,47,0,0,1,0,12,16,1,0,1.49,1.01,0.85,-1.07,1,3,6,12,14,11,16,12,1,0,39% (18/46),67% (33/49),71% (45/63),82% (155/190),84% (311/369),89% (467/525),41%,59%,2,5,7,9,4,7,3,5,6,6,19,26,11,16,2.93,1.85,1.85,2.93
nD8EDoa6,1,0,14,46,1.20,0.47,9,3,,,13% (5/39),31% (4/13),6,6,71% (10/14),67% (14/21),47,62,0,0,0,0,10,12,4,3,0.72,1.39,0.63,0.68,0,2,6,12,28,18,12,10,2,0,58% (30/52),60% (27/45),77% (144/186),67% (46/69),83% (398/479),78% (242/310),62%,38%,8,3,9,12,12,4,7,6,6,7,32,22,21,16,0.68,1.63,1.63,0.68
0ImfQ3RE,0,0,17,41,1.38,0.82,9,4,,,31% (11/36),30% (3/10),2,6,75% (15/20),67% (8/12),42,45,0,0,0,0,11,4,1,2,1.37,0.99,-0.61,1.30,3,2,10,9,16,15,4,11,0,0,63% (35/56),54% (33/61),77% (136/177),74% (69/93),88% (440/500),85% (340/400),57%,43%,6,4,13,6,10,8,9,6,8,4,38,17,23,14,3.30,1.39,1.39,3.30
EaA6F7Ug,0,1,25,24,1.31,1.03,1,2,,,41% (9/22),32% (8/25),2,0,53% (8/15),53% (8/15),45,48,0,1,0,0,14,12,1,2,2.14,1.13,-0.52,-0.10,3,1,8,4,16,18,12,14,0,0,44% (20/45),54% (25/46),74% (66/89),81% (123/152),81% (271/335),89% (549/617),36%,64%,2,2,7,8,4,3,7,6,2,3,16,15,11,11,1.90,0.48,0.48,1.90
bgsQkNk2,1,1,13,37,1.13,0.45,16,3,,,20% (7/35),38% (3/8),2,8,48% (11/23),76% (13/17),52,43,0,0,0,0,8,10,2,0,1.84,1.20,0.00,0.48,2,3,5,14,16,19,10,8,0,0,54% (27/50),44% (31/70),76% (128/169),59% (55/94),86% (466/540),75% (245/325),64%,36%,15,2,24,5,10,4,9,3,10,4,39,9,34,9,2.29,2.00,2.00,2.29
6a4i6rzq,0,0,25,21,0.33,0.37,5,5,1,0,22% (4/18),8% (1/12),1,1,75% (15/20),64% (9/14),52,47,0,0,0,1,12,13,2,0,0.52,0.32,0.08,0.03,0,0,10,2,15,22,13,12,0,0,61% (27/44),63% (26/41),73% (68/93),67% (56/83),88% (385/439),85% (324/383),54%,46%,3,3,4,4,6,5,6,5,1,1,17,15,10,9,0.03,0.08,0.08,0.03
WINrwp6d,0,0,10,28,0.42,0.27,3,3,,,18% (3/17),18% (2/11),1,3,53% (8/15),73% (11/15),51,47,0,0,0,0,16,22,1,2,0.66,0.12,0.03,-0.47,0,0,6,7,22,12,22,16,0,0,56% (24/43),50% (19/38),76% (119/157),60% (29/48),87% (449/515),82% (293/357),59%,41%,4,0,5,3,8,1,5,3,4,1,16,10,13,4,0.53,0.03,0.03,0.53
E1PCDQs9,0,0,28,18,0.42,0.39,3,4,,,20% (4/20),0% (0/9),2,2,73% (16/22),62% (13/21),56,46,1,0,0,1,11,14,1,0,0.31,1.08,-0.13,0.22,0,1,11,15,17,18,14,11,0,0,53% (31/59),61% (36/59),66% (69/104),73% (91/124),84% (317/376),87% (520/595),40%,60%,4,1,4,4,6,4,4,3,2,4,14,16,10,8,0.22,1.87,1.87,0.22
S47oc5cS,0,1,35,23,0.38,0.58,4,6,,,14% (2/14),22% (5/23),1,1,71% (15/21),57% (13/23),70,60,0,0,0,0,14,21,1,0,0.49,0.87,-0.72,-0.33,1,2,8,6,18,29,21,14,0,0,48% (31/65),33% (13/39),71% (53/75),57% (50/88),82% (329/401),76% (219/289),57%,43%,5,8,5,7,6,8,4,5,2,2,13,17,11,15,0.67,0.28,0.28,0.67
nFNKB4CL,0,0,7,35,2.26,0.31,10,2,,,17% (6/35),20% (2/10),2,1,38% (5/13),57% (12/21),44,57,0,0,0,0,11,10,2,3,1.81,0.61,0.18,-0.04,4,1,12,8,7,11,10,11,1,0,54% (20/37),56% (20/36),85% (148/175),78% (50/64),87% (429/491),86% (339/394),57%,43%,8,0,13,3,4,2,7,2,2,3,42,8,17,5,0.96,1.18,1.18,0.96
OCAU0mb3,0,1,39,14,1.07,0.75,1,10,,,33% (3/9),0% (0/29),2,3,67% (14/21),82% (9/11),64,38,0,0,0,0,11,14,0,1,1.49,1.12,0.38,-0.54,3,2,13,7,15,21,14,11,0,0,53% (20/38),54% (22/41),75% (80/107),79% (114/144),83% (335/402),85% (397/465),45%,55%,0,11,5,9,5,9,4,5,6,3,22,30,10,19,2.46,0.38,0.38,2.46
Kv4waRSF,2,0,23,22,0.79,0.21,1,3,,,33% (3/9),0% (0/10),1,3,78% (14/18),76% (16/21),50,51,0,0,1,1,17,18,3,0,1.45,0.27,0.04,-0.50,4,0,10,6,25,18,18,17,0,0,38% (18/48),66% (25/38),60% (50/84),76% (80/105),80% (217/272),90% (487/541),34%,66%,1,2,7,4,6,4,7,5,5,1,18,12,13,8,1.50,0.04,0.04,1.50
CxqIiqLk,0,1,39,14,1.38,0.66,3,8,,,14% (1/7),18% (3/17),2,3,60% (12/20),71% (12/17),43,54,0,0,0,0,19,11,0,2,2.06,0.70,0.30,0.20,3,0,9,6,16,29,11,19,0,0,39% (20/51),46% (25/54),72% (71/99),64% (78/121),80% (253/318),83% (442/535),37%,63%,5,2,8,6,3,6,2,8,4,2,25,21,11,12,1.20,0.30,0.30,1.20
Cd7a4M4e,0,0,34,21,0.67,0.49,4,3,,,31% (4/13),11% (2/18),1,1,55% (6/11),33% (3/9),49,45,0,0,0,1,14,15,3,0,2.21,1.03,-0.02,-0.21,4,2,11,4,17,28,15,14,0,0,43% (19/44),46% (28/61),63% (65/103),52% (37/71),83% (356/429),74% (225/306),58%,42%,4,2,11,6,6,2,10,4,3,2,22,15,17,8,1.79,0.98,0.98,1.79
plCSpy85,0,0,16,26,1.12,1.12,9,3,,,23% (7/31),47% (7/15),1,4,70% (14/20),88% (15/17),65,54,0,1,0,0,13,16,4,0,1.32,1.98,-0.61,-0.64,2,4,11,7,19,25,16,13,0,1,50% (18/36),35% (19/55),79% (129/164),82% (67/82),85% (399/469),78% (299/384),55%,45%,8,2,11,10,10,0,7,5,6,3,28,23,21,10,1.36,1.39,1.39,1.36
GUen1dhn,1,1,16,18,1.73,0.29,9,2,0,1,21% (4/19),38% (3/8),1,8,64% (18/28),64% (14/22),63,56,0,0,0,0,19,11,3,3,2.43,0.26,0.07,0.88,4,0,9,6,18,17,11,19,1,0,78% (28/36),42% (16/38),82% (142/173),73% (30/41),93% (555/598),81% (223/275),68%,32%,6,1,18,3,6,3,7,4,11,1,41,7,24,6,3.88,0.07,0.07,3.88
tG5yqFxI,0,0,7,36,1.97,0.30,8,1,,,22% (7/32),50% (3/6),2,4,82% (9/11),58% (11/19),50,53,0,0,0,0,12,12,5,3,2.10,0.86,0.10,-0.02,3,1,5,10,26,20,12,12,0,0,66% (21/32),43% (29/67),78% (152/196),55% (42/76),85% (496/583),67% (168/249),71%,29%,6,2,13,5,7,2,9,2,5,3,31,12,20,7,0.98,1.10,1.10,0.98
j9Fzu6yp,1,0,30,19,0.47,0.37,6,3,,,11% (2/18),21% (3/14),2,1,71% (15/21),57% (8/14),52,48,0,0,0,0,17,21,1,0,0.48,1.88,0.37,-0.85,0,2,4,8,15,22,21,17,0,0,56% (31/55),38% (23/61),66% (69/104),53% (43/81),79% (282/356),78% (281/359),50%,50%,5,0,5,4,4,3,2,3,2,4,25,13,9,7,0.15,2.37,2.37,0.15
OfafazNb,0,1,33,14,0.15,0.96,2,6,,,25% (2/8),8% (1/13),5,2,50% (5/10),71% (10/14),45,42,0,0,0,1,7,17,3,0,0.23,1.43,0.62,-0.70,0,2,9,5,13,15,17,7,0,1,40% (16/40),53% (18/34),56% (36/64),80% (165/205),84% (313/373),90% (597/661),36%,64%,1,2,2,11,2,2,1,5,3,7,7,28,5,14,0.30,2.62,2.62,0.30
ET3qsg7U,0,1,16,35,1.13,0.27,12,4,1,1,23% (9/39),42% (5/12),4,6,64% (7/11),53% (9/17),38,49,0,0,0,0,16,12,0,1,1.45,0.35,0.83,1.81,1,1,9,10,9,17,12,16,0,0,60% (25/42),23% (9/40),82% (108/132),57% (46/80),90% (414/461),80% (263/329),60%,40%,13,1,13,3,12,3,6,1,6,4,25,9,25,6,1.81,0.83,0.83,1.81
SCu2UFNO,1,0,28,12,0.47,0.67,6,6,,,44% (7/16),12% (2/17),4,3,72% (13/18),77% (23/30),53,68,0,0,0,0,15,12,1,2,2.17,0.65,0.65,0.92,3,0,12,13,21,21,12,15,0,1,52% (22/42),52% (23/44),68% (57/84),72% (87/121),84% (330/391),86% (417/485),45%,55%,3,6,14,9,1,8,7,6,5,5,25,24,15,17,2.92,1.65,1.65,2.92
G8KBlJ8t,1,1,19,19,1.35,0.53,3,3,,,33% (6/18),13% (2/16),3,4,100% (5/5),58% (7/12),30,46,0,0,0,0,14,7,1,5,1.54,0.50,0.35,-0.58,1,0,9,13,13,22,7,14,0,1,64% (42/66),56% (32/57),76% (103/136),68% (65/95),86% (450/524),83% (324/390),57%,43%,3,4,13,5,3,9,7,7,6,3,35,16,16,14,1.42,0.35,0.35,1.42
pAm3cEiB,1,0,27,21,0.75,0.71,3,10,,,24% (5/21),19% (5/27),3,4,52% (11/21),78% (14/18),51,58,0,0,1,0,9,18,3,3,1.42,0.80,0.61,0.28,3,1,7,10,14,21,18,9,0,0,45% (29/65),42% (18/43),66% (51/77),74% (95/129),74% (178/240),81% (322/396),38%,62%,1,4,6,5,6,7,5,5,6,3,21,19,12,12,2.28,0.61,0.61,2.28
xO8Kncwg,0,1,16,9,0.87,0.69,0,4,,,30% (3/10),21% (4/19),3,0,45% (5/11),76% (16/21),31,54,0,0,0,0,18,16,1,1,1.41,0.58,0.72,-0.42,3,0,7,11,15,12,16,18,0,0,66% (25/38),46% (17/37),81% (95/118),83% (86/104),89% (422/475),87% (361/413),53%,47%,1,1,6,6,0,4,2,6,3,3,14,10,6,10,1.58,0.72,0.72,1.58
IaDCJb96,0,0,30,39,1.26,0.70,9,2,,,28% (10/36),33% (3/9),4,5,69% (11/16),75% (12/16),50,53,0,0,0,0,14,13,2,1,1.42,0.84,-0.86,0.10,2,2,8,11,16,19,13,14,0,1,49% (26/53),36% (26/72),72% (133/186),55% (53/97),83% (415/498),71% (223/316),62%,38%,5,1,11,6,7,7,6,6,7,6,27,13,18,13,2.10,1.14,1.14,2.10
25fxzKgm,0,0,18,19,1.77,0.71,3,5,1,0,14% (2/14),9% (2/23),3,4,74% (17/23),33% (4/12),56,49,0,0,0,0,16,15,1,1,1.39,0.79,0.41,0.48,3,1,9,10,12,21,15,16,1,1,53% (17/32),69% (18/26),83% (103/124),83% (123/149),87% (355/408),91% (523/573),42%,58%,3,2,12,4,2,5,6,3,5,4,26,5,14,9,1.48,1.41,1.41,1.48
W2uPS2nK,0,0,33,15,0.80,0.82,2,3,,,33% (5/15),20% (4/20),1,3,75% (15/20),67% (14/21),58,51,1,0,0,0,11,12,1,0,1.41,1.85,-0.67,0.04,4,2,10,10,24,23,12,11,0,1,63% (30/48),60% (29/48),82% (126/154),77% (79/102),86% (404/471),86% (348/407),53%,47%,1,4,8,9,4,2,6,5,5,2,18,24,12,11,2.04,0.33,0.33,2.04
lKLeNtAs,0,0,25,31,0.55,0.79,2,2,,,30% (8/27),36% (5/14),5,3,54% (7/13),80% (16/20),53,58,0,0,1,0,18,22,1,0,1.37,0.93,0.71,0.49,2,0,7,13,20,21,22,18,0,0,56% (30/54),46% (26/57),75% (70/93),63% (52/82),89% (431/484),80% (284/355),58%,42%,4,3,7,10,6,3,6,5,3,5,22,28,13,13,0.49,0.71,0.71,0.49
4dmw5afD,1,0,8,20,0.87,0.29,4,2,,,50% (9/18),22% (2/9),0,4,88% (15/17),50% (12/24),58,48,0,0,0,1,10,17,5,1,1.70,0.24,-0.76,0.47,4,1,3,8,17,20,17,10,0,0,70% (28/40),43% (25/58),73% (112/153),62% (37/60),89% (475/534),79% (255/322),62%,38%,3,3,13,2,6,3,11,1,5,1,23,6,19,5,1.47,0.24,0.24,1.47
QPGKHxvJ,0,0,32,11,0.58,0.91,2,6,,,44% (4/9),31% (5/16),5,0,61% (11/18),85% (17/20),52,59,0,0,0,0,18,21,1,2,1.15,1.69,0.73,-0.35,2,2,15,15,23,24,21,18,0,1,42% (24/57),51% (24/47),66% (61/93),64% (70/110),77% (284/367),82% (373/455),44%,56%,1,5,5,10,3,6,5,5,2,6,11,22,8,16,1.65,1.73,1.73,1.65
bXmoYcOa,0,0,24,21,0.33,0.77,4,5,,,22% (2/9),22% (5/23),1,1,38% (10/26),73% (8/11),43,43,0,1,0,1,16,5,4,1,0.90,0.82,0.03,-0.64,1,1,10,12,13,19,5,16,0,0,30% (13/43),50% (19/38),58% (38/66),80% (140/174),77% (217/282),91% (612/673),30%,70%,0,5,3,7,2,8,2,9,3,1,10,17,5,15,1.36,0.03,0.03,1.36
6Lg7utWP,0,0,44,23,0.17,2.30,1,11,,,36% (4/11),13% (3/24),6,3,59% (10/17),67% (10/15),47,54,0,0,1,0,19,5,1,4,0.83,2.28,2.01,-0.58,1,7,10,10,18,19,5,19,0,2,38% (18/48),53% (32/60),55% (49/89),78% (128/165),74% (197/268),85% (478/565),32%,68%,3,10,4,15,8,7,4,5,5,7,15,33,12,22,1.42,3.01,3.01,1.42
WpngWygC,0,0,35,16,0.45,0.45,3,5,,,17% (2/12),13% (3/23),5,2,39% (7/18),42% (8/19),51,60,0,0,0,1,16,16,0,0,0.77,0.51,0.23,-0.50,1,1,12,4,22,30,16,16,2,0,43% (21/49),44% (27/61),65% (36/55),71% (75/105),79% (233/296),85% (451/530),36%,64%,2,6,8,7,1,7,3,3,4,5,12,17,9,14,1.50,0.23,0.23,1.50
MXJ3LKvf,1,0,10,31,1.17,0.30,6,2,,,35% (7/20),0% (0/2),1,3,60% (9/15),71% (10/14),52,53,0,0,1,0,17,21,1,2,2.23,0.30,0.22,0.27,2,1,6,5,28,17,21,17,0,1,39% (18/46),48% (25/52),71% (67/94),57% (34/60),87% (461/529),78% (237/303),64%,36%,2,3,11,3,5,5,11,4,3,1,25,5,16,8,0.27,0.22,0.22,0.27
