mid,Acertou na trave_casa,Acertou na trave_fora,Alívios_casa,Alívios_fora,Assistências esperadas (xA)_casa,Assistências esperadas (xA)_fora,Cantos_casa,Cantos_fora,Cartões amarelos_casa,Cartões amarelos_fora,Cruzamentos_casa,Cruzamentos_fora,Defesas guarda-redes_casa,Defesas guarda-redes_fora,Desarmes_casa,Desarmes_fora,Duelos ganhos_casa,Duelos ganhos_fora,Erros que dão golo_casa,Erros que dão golo_fora,Erros que dão remate_casa,Erros que dão remate_fora,Faltas_casa,Faltas_fora,Foras de Jogo_casa,Foras de Jogo_fora,Golos de cabeça_casa,Golos de cabeça_fora,Golos esperados (xG)_casa,Golos esperados (xG)_fora,Golos evitados_casa,Golos evitados_fora,Grandes oportunidades_casa,Grandes oportunidades_fora,Interceções_casa,Interceções_fora,Lançamentos_casa,Lançamentos_fora,Livres_casa,Livres_fora,Passes em profundidade certos_casa,Passes em profundidade certos_fora,Passes longos_casa,Passes longos_fora,Passes no último terço_casa,Passes no último terço_fora,Passes_casa,Passes_fora,Posse de bola_casa,Posse de bola_fora,Remates bloqueados_casa,Remates bloqueados_fora,Remates dentro da área_casa,Remates dentro da área_fora,Remates fora da área_casa,Remates fora da área_fora,Remates para fora_casa,Remates para fora_fora,Remates à baliza_casa,Remates à baliza_fora,Toques na área adversária_casa,Toques na área adversária_fora,Total remates_casa,Total remates_fora,xG remates à baliza (xGOT)_casa,xG remates à baliza (xGOT)_fora,xGOT enfrentado_casa,xGOT enfrentado_fora
xQXUa3UG,0,1,12,14,0.76,1.32,0,3,0,1,20% (4/20),9% (1/11),5,2,71% (12/17),67% (12/18),40,40,0,0,0,0,11,8,1,0,0,1,0.78,1.66,-0.82,0.30,0,4,8,10,16,12,8,11,0,1,49% (18/37),40% (22/55),69% (100/144),78% (87/111),86% (415/484),83% (372/450),52%,48%,5,1,9,7,4,4,6,3,2,7,32,32,13,11,0.30,2.18,2.18,0.30
buMwbsaT,1,1,13,28,1.00,1.12,7,7,2,2,21% (6/28),36% (8/22),3,7,89% (8/9),59% (10/17),40,42,0,0,1,0,10,11,0,3,,,0.98,2.09,1.37,0.22,2,4,7,9,15,13,11,10,1,1,58% (31/53),29% (13/45),81% (155/191),62% (39/63),88% (498/569),72% (163/225),70%,30%,6,7,7,10,9,6,2,5,8,4,33,26,16,16,1.22,2.37,2.37,1.22
UNC9hLMj,0,1,22,25,0.84,1.27,3,4,0,1,39% (7/18),38% (5/13),5,2,33% (4/12),43% (3/7),42,38,0,0,1,0,9,12,1,0,1,0,0.98,2.53,-0.29,-0.05,3,7,10,5,12,16,12,9,0,3,39% (18/46),38% (14/37),61% (56/92),80% (125/157),80% (261/328),89% (460/518),40%,60%,2,4,8,15,0,2,3,6,3,7,21,41,8,17,0.95,1.71,1.71,0.95
pWfdGOEc,1,0,13,19,0.81,0.38,6,6,2,2,15% (2/13),13% (2/16),2,4,81% (13/16),79% (11/14),43,45,0,0,0,1,13,6,1,1,1,0,1.81,0.31,0.16,-0.17,1,0,12,10,15,11,6,13,1,1,43% (20/46),40% (18/45),69% (102/147),75% (76/101),83% (345/418),88% (445/508),45%,55%,6,2,10,4,11,3,9,3,6,2,33,19,21,7,1.83,0.16,0.16,1.83
Iqg4E2qA,1,0,17,28,1.64,1.29,14,2,2,3,19% (5/27),33% (6/18),1,7,27% (4/15),48% (10/21),46,49,0,0,0,1,9,9,1,0,0,1,3.04,1.57,-0.16,1.68,4,3,6,3,15,11,9,9,1,0,45% (25/55),29% (15/51),86% (155/180),68% (55/81),86% (438/508),79% (262/333),60%,40%,8,3,17,9,7,2,8,6,8,2,44,24,24,11,2.68,0.84,0.84,2.68
zLXUefTr,0,1,15,37,0.87,0.63,9,4,1,0,7% (1/14),38% (3/8),3,2,60% (6/10),68% (19/28),26,42,1,0,0,1,8,4,1,1,,,1.34,1.77,0.65,0.51,2,4,7,11,20,10,4,8,2,1,63% (19/30),50% (20/40),81% (163/201),70% (40/57),89% (426/481),90% (397/440),52%,48%,6,2,10,9,6,3,7,5,3,5,46,20,16,12,1.51,2.65,2.65,1.51
roywfYce,1,0,28,18,1.01,0.56,6,3,1,1,35% (6/17),13% (2/15),3,3,50% (8/16),38% (8/21),41,54,1,0,2,1,11,7,3,1,,,1.73,0.95,-0.53,-0.48,4,1,10,18,12,26,7,11,0,0,35% (18/52),42% (21/50),63% (55/87),77% (144/187),78% (307/396),84% (409/485),45%,55%,5,7,10,6,5,11,5,6,5,4,24,31,15,17,0.52,0.47,0.47,0.52
40PohCS7,0,0,19,23,1.63,0.99,6,2,5,5,6% (1/18),11% (1/9),2,5,67% (12/18),43% (3/7),38,41,1,1,0,1,15,12,2,1,,,1.84,0.89,-0.59,0.28,2,2,11,9,20,19,12,15,2,0,48% (21/44),38% (19/50),73% (90/123),66% (70/106),82% (285/346),83% (376/452),44%,56%,7,2,16,4,5,4,8,3,6,3,35,15,21,8,1.28,0.41,0.41,1.28
W6HXFFKE,1,0,35,26,0.53,0.91,7,7,3,2,38% (9/24),30% (7/23),1,1,71% (15/21),45% (10/22),70,64,0,0,0,0,15,18,0,0,,,1.15,0.41,0.05,-0.22,3,0,10,4,13,18,18,15,0,1,36% (14/39),34% (16/47),75% (63/84),71% (95/134),84% (321/381),82% (316/384),50%,50%,9,3,15,8,5,2,9,6,2,1,30,17,20,10,0.78,0.05,0.05,0.78
CGPuEgkR,0,0,21,26,0.90,1.36,6,4,0,3,16% (4/25),22% (4/18),3,5,67% (8/12),43% (9/21),43,53,0,0,1,2,11,14,0,1,1,0,2.61,1.59,0.46,0.26,4,2,7,7,13,17,14,11,1,2,30% (16/54),49% (24/49),68% (66/97),66% (75/113),76% (239/316),83% (374/453),42%,58%,3,4,13,9,3,4,4,6,9,3,27,27,16,13,3.26,0.46,0.46,3.26
Uu6uknGb,1,1,10,14,0.65,0.65,3,4,4,3,10% (1/10),25% (4/16),2,2,74% (14/19),64% (9/14),52,49,0,1,0,1,11,18,1,1,,,0.63,1.72,0.29,-1.08,1,4,14,11,16,17,18,11,0,0,33% (15/45),55% (23/42),66% (49/74),74% (86/116),83% (360/432),88% (479/546),44%,56%,2,1,4,8,5,1,3,5,4,3,11,25,9,9,0.92,1.29,1.29,0.92
rkXMW40U,2,1,36,18,1.00,1.31,7,6,4,2,21% (3/14),12% (2/17),3,2,39% (7/18),80% (4/5),41,50,0,0,0,0,16,7,2,2,,,2.25,1.48,-0.01,0.21,3,1,2,6,19,14,7,16,1,1,30% (15/50),53% (24/45),68% (69/102),70% (112/160),81% (361/446),87% (464/536),46%,54%,3,6,6,10,4,4,5,3,2,5,16,45,10,14,1.21,0.99,0.99,1.21
Gxt6zm15,2,0,14,23,1.18,0.25,3,3,1,3,15% (2/13),40% (4/10),0,2,53% (9/17),52% (11/21),47,42,0,0,1,0,7,16,1,0,1,0,1.29,0.19,0.00,1.03,1,0,2,7,22,10,16,7,0,0,42% (18/43),39% (23/59),81% (157/194),53% (35/66),87% (444/513),79% (263/333),61%,39%,3,1,9,2,4,3,7,4,3,0,38,7,13,5,2.03,0.00,0.00,2.03
z1yE3oVi,0,1,14,19,1.63,0.83,9,1,1,3,22% (4/18),35% (6/17),7,4,71% (17/24),70% (14/20),48,51,0,2,1,0,8,11,2,2,,,1.73,0.95,-0.21,-0.67,3,1,8,9,27,20,11,8,3,0,39% (19/49),38% (20/52),76% (124/163),76% (105/139),82% (414/503),83% (340/410),55%,45%,6,4,9,10,6,5,2,3,7,8,43,34,15,15,2.33,0.79,0.79,2.33
MF2Xj8on,0,2,40,43,1.33,0.96,9,4,1,3,14% (3/22),33% (4/12),3,1,80% (4/5),61% (11/18),43,46,1,0,1,0,7,5,2,1,2,0,1.72,1.72,-1.03,0.16,1,2,7,13,16,19,5,7,0,0,45% (27/60),26% (19/72),56% (80/143),56% (67/119),80% (372/467),67% (229/344),58%,42%,3,6,11,10,3,6,8,5,3,5,29,27,14,16,2.16,0.97,0.97,2.16
jeflmQpB,0,0,35,30,1.35,0.71,3,2,3,0,39% (7/18),10% (2/20),0,3,69% (9/13),60% (6/10),40,39,2,0,1,0,14,9,0,1,,,1.04,0.76,-1.72,-0.01,2,2,10,3,20,18,9,14,0,1,32% (18/56),40% (17/42),73% (107/146),68% (80/118),85% (346/407),85% (384/451),47%,53%,2,0,6,5,4,2,4,4,4,3,15,12,10,7,0.99,1.28,1.28,0.99
OM7eo4FN,0,0,37,34,0.38,2.97,7,8,1,0,15% (3/20),36% (13/36),7,1,42% (5/12),50% (3/6),46,44,0,1,0,1,9,7,3,2,,,0.39,3.06,0.63,-0.17,1,3,3,6,19,19,7,9,0,1,30% (17/56),28% (13/46),56% (54/97),73% (113/155),67% (188/280),85% (471/556),34%,66%,3,5,3,15,4,4,3,6,1,8,17,39,7,19,0.83,0.63,0.63,0.83
WSUM1Pa4,1,0,22,24,0.90,0.89,3,6,1,0,43% (6/14),20% (4/20),4,2,69% (11/16),58% (11/19),37,59,0,0,1,0,20,8,1,2,,,1.39,1.59,0.37,-0.49,3,2,12,10,14,16,8,20,1,2,36% (19/53),51% (19/37),51% (46/90),77% (124/162),69% (181/261),86% (512/592),31%,69%,0,3,7,8,4,5,8,5,3,5,20,35,11,13,0.51,1.37,1.37,0.51
r7lSurwo,2,0,32,18,2.41,1.56,7,6,2,1,44% (7/16),30% (6/20),2,5,56% (9/16),65% (13/20),42,47,0,1,2,1,11,5,0,1,0,1,4.57,1.89,-0.09,0.18,7,4,10,12,13,21,5,11,4,2,69% (31/45),38% (15/40),79% (106/134),71% (79/112),87% (383/438),84% (398/472),48%,52%,12,3,21,11,8,0,9,4,8,4,45,23,29,11,3.18,1.91,1.91,3.18
AyZEYQVH,1,1,24,16,0.65,0.84,4,9,3,1,9% (1/11),38% (9/24),3,5,82% (9/11),67% (6/9),38,43,0,1,2,2,12,9,2,3,0,2,1.84,1.43,-0.38,-0.89,5,3,5,9,19,14,9,12,1,0,45% (21/47),50% (17/34),68% (76/112),77% (102/132),82% (299/365),87% (384/443),45%,55%,3,3,9,10,5,6,2,8,9,5,19,32,14,16,3.11,1.62,1.62,3.11
xfi4Ju8N,0,0,6,40,1.81,0.31,9,4,0,2,22% (4/18),29% (2/7),2,1,45% (5/11),50% (14/28),35,47,0,0,1,1,10,7,0,4,,,1.66,0.73,0.29,-1.01,3,0,7,5,19,13,7,10,2,0,49% (21/43),37% (18/49),80% (223/278),42% (15/36),89% (662/743),77% (216/281),73%,27%,3,2,10,6,5,0,8,2,4,2,40,9,15,6,1.99,0.29,0.29,1.99
nclkvV1t,0,2,20,47,0.93,0.58,16,2,3,1,25% (9/36),35% (6/17),4,1,68% (17/25),77% (20/26),62,58,0,0,2,0,12,7,1,4,,,1.27,1.34,1.59,-0.03,2,2,12,10,18,16,7,12,1,0,43% (21/49),37% (20/54),69% (88/127),55% (52/95),80% (350/438),72% (246/342),57%,43%,5,1,13,6,3,5,8,6,3,4,34,13,16,11,0.97,2.59,2.59,0.97
8Cxbx9Wh,0,2,24,26,0.86,1.09,4,3,3,4,14% (2/14),24% (4/17),1,3,47% (7/15),50% (4/8),51,35,0,0,0,0,14,12,0,0,,,1.16,1.18,-0.26,0.80,2,3,5,3,19,20,12,14,1,2,27% (17/63),29% (14/49),52% (50/96),74% (108/145),66% (187/283),83% (416/500),36%,64%,4,5,6,9,3,6,2,6,3,4,15,27,9,15,0.80,0.74,0.74,0.80
UmvdMdte,0,0,31,13,0.76,1.08,2,8,1,1,20% (3/15),23% (6/26),5,4,62% (13/21),62% (8/13),39,41,0,1,0,2,18,8,1,1,0,1,1.79,1.44,-0.79,-0.22,3,3,9,5,14,21,8,18,0,0,29% (12/42),45% (17/38),64% (48/75),72% (88/123),74% (192/260),86% (456/528),33%,67%,5,5,7,10,8,8,4,6,6,7,21,31,15,18,1.78,1.21,1.21,1.78
Med3KzB7,1,0,31,26,2.20,1.25,5,10,0,2,36% (8/22),30% (6/20),5,6,43% (9/21),50% (7/14),71,69,0,0,1,1,5,13,1,2,,,2.56,1.59,0.02,1.41,6,4,4,6,13,16,13,5,0,1,41% (20/49),38% (21/55),80% (114/143),68% (86/126),83% (387/467),74% (232/315),59%,41%,5,4,15,10,6,3,8,3,8,6,28,42,21,13,3.41,2.02,2.02,3.41
xWhvMmnC,0,1,28,28,0.69,1.31,2,1,2,0,21% (3/14),29% (4/14),5,5,50% (8/16),53% (9/17),42,54,0,0,2,2,16,11,1,0,,,1.10,1.48,0.24,-0.06,2,4,5,9,16,18,11,16,0,1,30% (17/56),43% (15/35),67% (76/114),74% (126/171),81% (328/406),85% (415/488),46%,54%,6,4,11,7,6,9,5,6,6,6,24,28,17,16,0.94,1.24,1.24,0.94
4IfWN9Ha,0,0,29,30,1.02,0.26,10,2,4,2,26% (5/19),9% (1/11),2,7,57% (8/14),59% (13/22),55,47,0,0,0,0,8,14,0,2,,,2.98,0.24,0.32,1.50,6,2,5,10,21,9,14,8,0,0,50% (19/38),32% (19/60),80% (153/192),53% (51/96),86% (397/463),76% (244/320),59%,41%,8,1,15,2,10,2,7,1,10,2,60,11,25,4,4.50,0.32,0.32,4.50
YLpmOIBr,0,1,8,32,1.53,0.58,7,1,1,2,32% (8/25),50% (3/6),1,3,60% (9/15),35% (6/17),47,42,0,1,0,0,9,11,1,3,2,0,1.46,0.42,0.07,0.26,4,1,9,11,24,13,11,9,0,0,59% (33/56),24% (12/50),71% (94/133),50% (22/44),87% (481/553),67% (140/210),72%,28%,3,0,10,4,3,1,4,4,6,1,36,15,13,5,3.26,0.07,0.07,3.26
2iZkrv3E,2,1,9,33,0.70,0.26,11,2,4,2,11% (3/28),33% (3/9),3,2,75% (12/16),73% (8/11),54,39,0,0,2,0,12,21,1,3,,,1.24,0.73,-0.40,0.14,1,2,5,4,14,7,21,12,0,0,53% (19/36),47% (27/57),74% (93/126),65% (52/80),88% (439/500),85% (288/339),60%,40%,6,2,11,5,3,5,6,3,2,5,34,16,14,10,0.14,0.60,0.60,0.14
dY8uKRGO,1,0,22,24,1.20,0.69,6,7,0,3,12% (2/17),25% (4/16),1,4,80% (8/10),79% (11/14),42,37,0,0,0,0,12,11,1,0,,,1.17,0.57,0.12,2.05,1,0,10,11,8,13,11,12,1,0,47% (18/38),51% (28/55),73% (106/146),74% (95/128),84% (403/481),82% (389/473),51%,49%,5,5,9,6,6,5,6,5,4,1,27,21,15,11,2.05,0.12,0.12,2.05
8j1NPVnm,2,0,10,14,0.43,0.42,5,2,2,4,38% (6/16),29% (2/7),2,2,60% (6/10),50% (10/20),42,55,0,0,0,0,17,17,2,2,,,0.55,0.49,-0.59,-0.48,1,1,6,10,16,17,17,17,0,1,31% (13/42),21% (9/42),67% (66/98),67% (81/121),84% (398/473),87% (446/515),48%,52%,1,1,5,4,3,2,4,2,3,3,24,22,8,6,0.52,0.41,0.41,0.52
rTwrFuZR,0,0,22,20,0.26,1.61,5,9,4,1,43% (3/7),22% (5/23),1,3,50% (13/26),67% (12/18),52,64,0,1,0,3,15,5,4,0,1,0,2.72,1.53,-0.79,0.72,4,1,4,2,18,19,5,15,0,1,40% (18/45),44% (16/36),44% (27/61),89% (223/251),69% (138/201),90% (568/629),24%,76%,6,9,10,13,4,8,2,8,6,4,16,48,14,21,3.72,2.21,2.21,3.72
n1pZG14F,1,0,9,25,0.98,0.92,10,1,3,1,29% (10/35),25% (1/4),1,4,43% (6/14),45% (10/22),43,49,0,0,0,0,12,10,1,2,0,1,2.15,2.05,-0.36,0.62,2,3,7,10,19,11,10,12,1,0,55% (18/33),33% (16/49),84% (182/216),71% (41/58),91% (597/659),80% (267/334),67%,33%,8,1,12,6,9,0,8,1,5,4,37,17,21,6,1.62,2.64,2.64,1.62
jFEYCXop,0,1,14,16,0.36,0.71,5,5,2,5,15% (2/13),62% (8/13),3,0,63% (12/19),57% (13/23),45,46,0,0,0,0,12,12,2,4,1,1,0.32,0.99,-0.13,-0.76,1,2,5,10,21,17,12,12,0,0,36% (9/25),32% (14/44),70% (58/83),71% (69/97),83% (312/374),86% (400/466),45%,55%,3,2,2,6,3,4,1,3,1,5,9,18,5,10,0.24,1.87,1.87,0.24
zRIM7cR1,1,0,22,14,1.68,0.65,3,2,2,2,54% (7/13),29% (4/14),3,3,63% (12/19),50% (4/8),49,40,2,0,0,1,12,11,3,3,,,2.35,0.88,-0.82,-0.83,3,1,16,10,9,16,11,12,0,0,43% (19/44),37% (13/35),64% (63/99),81% (143/176),79% (287/362),88% (541/613),37%,63%,6,3,14,7,4,6,6,5,6,5,30,21,18,13,2.17,1.18,1.18,2.17
buItBBGd,0,1,26,31,1.33,0.92,7,1,0,2,26% (5/19),27% (3/11),1,3,59% (10/17),41% (9/22),63,54,0,1,1,2,10,11,3,0,,,2.08,0.89,0.05,-0.07,2,1,9,4,16,18,11,10,5,1,29% (13/45),36% (24/66),60% (66/110),60% (64/107),82% (320/391),78% (314/405),50%,50%,6,1,10,6,6,1,5,5,5,1,32,21,16,7,1.93,0.05,0.05,1.93
6sw2IgOM,1,0,15,20,2.44,0.39,3,4,0,1,33% (3/9),8% (1/12),1,6,33% (2/6),73% (16/22),44,45,0,0,0,2,7,12,7,0,1,0,3.23,0.37,0.05,0.66,6,0,11,5,15,12,12,7,3,1,48% (23/48),33% (13/40),81% (103/127),75% (72/96),89% (453/511),83% (359/433),54%,46%,3,6,14,5,4,5,6,3,9,1,36,12,18,10,3.66,0.05,0.05,3.66
EmnRINZ2,1,4,20,19,1.08,0.56,2,6,1,3,38% (5/13),33% (7/21),4,4,63% (12/19),60% (15/25),56,56,0,0,1,1,8,12,0,1,,,2.27,0.92,0.54,-0.59,4,1,5,8,19,23,12,8,0,0,44% (22/50),46% (26/56),69% (65/94),68% (81/120),79% (263/333),77% (269/348),48%,52%,3,0,7,8,7,5,5,9,6,4,23,23,14,13,1.41,0.54,0.54,1.41
tO58V0J8,0,2,44,18,1.17,0.79,2,10,3,3,38% (5/13),16% (6/38),3,4,82% (9/11),82% (9/11),53,35,0,2,0,0,10,12,1,1,2,0,3.15,1.53,-0.10,1.21,5,4,6,3,13,22,12,10,1,0,39% (18/46),37% (23/63),63% (35/56),75% (133/178),69% (164/237),84% (426/506),32%,68%,1,3,12,10,1,3,6,6,6,4,24,28,13,13,4.21,0.90,0.90,4.21
xjaHTvlL,0,0,28,23,1.77,0.72,6,3,0,4,41% (12/29),19% (3/16),1,6,42% (5/12),59% (10/17),53,50,0,0,2,1,11,11,1,0,1,1,1.72,0.66,0.39,0.55,3,1,6,9,14,16,11,11,0,0,57% (23/40),51% (30/59),77% (99/128),68% (94/139),86% (377/438),76% (249/327),58%,42%,5,5,13,8,7,2,8,3,7,2,42,18,20,10,1.55,1.39,1.39,1.55
EBUD9Jdk,0,0,13,33,0.76,0.50,5,0,4,3,30% (6/20),63% (5/8),2,5,70% (7/10),46% (6/13),45,53,0,0,0,1,12,12,0,1,,,1.64,0.57,-0.63,-0.71,2,0,12,8,14,22,12,12,0,1,43% (25/58),40% (20/50),55% (68/123),66% (67/101),79% (359/452),83% (421/508),48%,52%,5,4,11,5,7,4,5,2,8,3,26,17,18,9,2.29,0.37,0.37,2.29
tQzy4f9T,0,1,45,21,1.31,1.27,7,8,2,4,20% (3/15),24% (8/33),5,3,52% (15/29),56% (5/9),68,32,0,0,1,0,6,9,1,2,1,0,1.36,1.17,-0.08,-0.21,4,2,8,15,10,11,9,6,1,2,54% (29/54),53% (24/45),71% (70/98),77% (139/180),82% (340/414),87% (433/497),45%,55%,0,4,7,9,4,3,5,4,6,4,21,42,11,12,1.79,0.92,0.92,1.79
OQsq6PYa,0,0,24,21,0.77,0.97,7,2,2,2,15% (2/13),22% (4/18),3,3,60% (9/15),50% (7/14),38,47,0,0,1,0,13,10,2,1,,,0.49,1.00,0.10,-0.13,0,2,10,12,11,11,10,13,0,1,28% (13/47),38% (18/48),73% (103/142),79% (109/138),81% (323/400),85% (415/486),45%,55%,5,5,6,6,5,7,2,5,4,3,27,20,11,13,0.87,0.10,0.10,0.87
YaXS5GvH,0,2,36,29,0.53,1.00,5,8,1,3,33% (4/12),33% (6/18),5,0,67% (6/9),77% (10/13),45,42,0,0,2,1,10,10,1,4,,,1.14,2.26,0.48,-1.07,3,5,4,9,10,16,10,10,1,1,47% (27/58),44% (24/55),57% (67/117),48% (43/89),81% (378/465),82% (326/400),53%,47%,4,1,6,11,3,3,2,6,3,7,32,25,9,14,1.93,1.48,1.48,1.93
h44gMyPc,0,1,27,21,1.63,2.07,3,4,3,4,33% (4/12),5% (1/19),1,1,64% (14/22),59% (10/17),59,58,0,0,0,0,9,11,1,2,1,0,1.17,1.45,-0.53,-0.12,3,1,10,6,16,23,11,9,0,2,32% (18/57),47% (24/51),70% (83/119),74% (105/141),80% (301/374),83% (397/477),44%,56%,3,5,9,8,1,3,4,3,3,3,23,28,10,11,1.88,0.47,0.47,1.88
bHZgKFgA,0,0,22,23,0.63,0.38,5,5,3,4,43% (9/21),6% (1/16),1,2,69% (22/32),66% (19/29),69,69,0,0,2,1,8,14,1,2,,,0.71,0.92,0.10,0.60,1,2,6,15,28,16,14,8,0,0,38% (18/48),64% (36/56),56% (41/73),71% (99/139),76% (234/309),86% (401/468),41%,59%,4,2,6,6,5,5,5,7,2,2,14,24,11,11,0.60,1.10,1.10,0.60
CpqK7xA4,0,0,25,9,0.60,0.33,2,5,2,2,27% (4/15),6% (1/18),1,5,67% (12/18),77% (10/13),56,41,0,0,0,2,14,12,7,0,,,1.17,0.93,0.07,1.01,2,1,16,6,13,23,12,14,0,0,44% (16/36),55% (24/44),69% (66/95),73% (93/128),82% (276/337),86% (456/529),39%,61%,5,1,6,6,7,4,2,8,6,1,19,16,13,10,2.01,0.07,0.07,2.01
0AH7bYWj,0,0,20,53,1.51,0.49,3,6,2,5,18% (4/22),25% (4/16),2,4,89% (8/9),60% (9/15),50,50,1,0,2,0,13,15,1,1,,,0.70,1.10,-2.67,0.28,0,3,8,7,21,16,15,13,0,0,39% (20/51),43% (21/49),71% (113/159),67% (60/90),82% (358/436),73% (199/273),61%,39%,7,2,7,6,7,4,3,2,4,6,34,17,14,10,0.28,1.33,1.33,0.28
Khyh433C,1,2,24,62,1.30,0.93,12,1,3,0,34% (11/32),23% (3/13),2,5,60% (6/10),64% (14/22),54,64,0,0,1,1,6,10,1,1,,,1.65,0.81,-0.06,0.02,4,1,13,6,27,19,10,6,1,0,42% (26/62),47% (23/49),67% (123/183),63% (55/88),80% (378/473),75% (236/315),60%,40%,5,2,12,10,5,0,5,5,7,3,45,27,17,10,2.02,0.94,0.94,2.02
6mtC9buh,0,2,29,17,0.18,1.55,3,11,,,22% (2/9),8% (1/12),8,1,54% (13/24),91% (10/11),49,42,0,0,0,1,10,12,4,1,,,0.63,3.36,2.16,0.51,1,4,12,13,10,16,12,10,0,2,30% (18/61),38% (9/24),53% (28/53),82% (217/264),79% (281/356),90% (620/689),35%,65%,4,10,6,19,3,9,4,9,1,9,21,73,9,28,0.51,3.16,3.16,0.51
jubPoemo,0,0,20,25,1.05,0.54,6,5,1,1,13% (3/23),17% (2/12),0,4,57% (8/14),43% (3/7),40,41,0,1,0,1,15,6,0,4,,,2.13,0.37,0.00,0.21,5,0,8,8,17,19,6,15,0,1,38% (21/55),35% (15/43),71% (110/155),72% (73/101),86% (456/532),84% (400/475),53%,47%,2,4,13,3,2,3,4,2,9,0,31,15,15,6,3.21,0.00,0.00,3.21
pbPN0UdK,0,0,41,30,0.60,0.37,4,6,2,1,17% (4/24),13% (4/30),3,1,77% (10/13),81% (13/16),44,55,0,0,0,0,13,12,0,2,,,0.73,0.61,0.19,0.05,1,1,5,6,26,17,12,13,0,0,32% (16/50),32% (19/60),67% (81/121),60% (72/121),81% (370/454),74% (271/366),54%,46%,1,2,5,7,4,2,7,3,1,4,18,28,9,9,0.05,0.19,0.19,0.05
U3M9iQJ6,2,2,27,26,1.06,0.78,8,5,2,2,19% (3/16),17% (2/12),1,2,83% (10/12),64% (14/22),51,43,1,0,0,2,5,12,0,4,,,1.36,1.62,0.31,-0.64,5,5,9,9,17,17,12,5,1,2,47% (24/51),37% (22/60),80% (128/161),65% (77/119),85% (424/498),75% (262/348),59%,41%,5,3,13,8,2,1,5,3,5,3,40,14,15,9,1.36,1.31,1.31,1.36
xzTRt95l,1,0,20,23,2.48,0.55,4,5,1,3,38% (6/16),25% (4/16),4,3,60% (6/10),64% (9/14),38,40,1,1,1,1,11,11,0,3,2,0,2.84,1.73,-0.07,-0.45,7,3,5,7,13,14,11,11,0,2,60% (31/52),32% (13/41),72% (81/112),69% (70/102),85% (341/403),84% (340/406),50%,50%,3,1,10,8,5,2,5,2,7,7,26,16,15,10,3.55,2.93,2.93,3.55
GtGge8Ks,0,0,28,25,0.99,1.13,1,6,2,0,25% (4/16),20% (2/10),3,3,62% (18/29),67% (8/12),63,37,1,0,1,0,8,12,4,0,0,1,0.79,1.45,-0.54,0.56,2,2,10,10,18,21,12,8,0,3,38% (25/65),27% (15/55),58% (65/113),70% (89/128),76% (288/377),83% (413/498),44%,56%,1,4,7,7,3,7,5,4,4,6,20,18,10,14,1.56,1.46,1.46,1.56
hx84D7tQ,0,0,17,34,0.69,0.41,4,4,0,2,25% (5/20),29% (4/14),2,0,36% (8/22),50% (11/22),54,44,1,1,0,0,8,12,2,0,1,0,1.19,0.35,0.29,-2.35,2,1,5,13,29,21,12,8,1,0,40% (21/53),40% (23/58),62% (69/111),63% (66/104),82% (389/474),82% (370/453),51%,49%,2,1,8,3,2,1,4,0,4,3,24,12,10,4,1.65,1.29,1.29,1.65
42nywR4D,3,0,14,29,1.46,0.20,7,1,1,3,29% (8/28),9% (1/11),1,3,60% (6/10),69% (11/16),32,38,0,0,1,2,12,13,2,0,,,1.57,0.29,-0.21,0.70,0,1,10,6,10,14,13,12,1,0,59% (30/51),38% (15/40),78% (134/171),75% (65/87),89% (541/605),84% (362/431),59%,41%,13,2,11,1,10,3,5,1,3,1,40,10,21,4,0.70,0.79,0.79,0.70
xAqy8o4m,1,1,32,28,0.54,1.02,7,5,3,1,21% (3/14),29% (8/28),1,4,71% (10/14),50% (7/14),53,56,1,2,0,0,14,14,2,0,1,0,1.09,0.82,-0.94,-0.40,3,2,11,8,15,20,14,14,0,0,29% (12/42),40% (14/35),67% (51/76),72% (96/134),80% (263/328),84% (364/435),42%,58%,3,3,10,8,3,2,4,4,6,3,32,30,13,10,1.60,1.06,1.06,1.60
djO1gnkf,0,0,22,35,0.61,0.32,5,6,2,1,24% (4/17),22% (4/18),1,3,50% (6/12),57% (13/23),43,53,0,1,0,0,9,17,0,1,,,2.82,0.56,0.30,-0.49,7,2,15,4,31,16,17,9,0,0,49% (24/49),40% (29/72),64% (56/87),60% (55/91),81% (378/465),74% (264/357),56%,44%,4,3,15,7,2,0,7,2,6,2,29,19,17,7,2.51,0.30,0.30,2.51
QVFIk4lJ,0,0,25,27,0.68,1.73,2,3,2,4,26% (5/19),33% (4/12),1,2,53% (8/15),56% (14/25),58,67,0,0,0,0,11,12,1,1,,,1.59,2.98,0.01,0.12,2,4,2,6,22,18,12,11,0,2,39% (22/57),28% (17/61),68% (108/160),60% (61/102),79% (346/436),75% (288/386),53%,47%,5,3,11,7,1,5,4,6,3,3,41,23,12,12,1.12,2.01,2.01,1.12
dxqTvmz1,0,0,15,22,1.16,0.78,9,3,0,1,36% (8/22),15% (2/13),0,4,58% (7/12),77% (10/13),48,46,0,0,1,1,8,13,1,1,,,1.43,0.78,0.00,0.27,4,1,3,5,19,20,13,8,0,2,27% (16/60),32% (16/50),61% (58/95),67% (64/95),79% (310/391),82% (355/435),48%,52%,3,6,12,8,1,3,6,5,4,0,22,20,13,11,0.27,0.00,0.00,0.27
dG7hS9je,0,0,25,37,1.16,1.97,11,4,3,2,24% (6/25),47% (8/17),3,6,72% (13/18),67% (8/12),62,45,0,0,3,0,12,15,1,0,1,0,1.27,2.57,-0.57,0.80,1,4,15,7,17,15,15,12,0,0,62% (29/47),53% (31/58),76% (104/136),73% (99/136),85% (420/497),83% (376/453),53%,47%,6,5,15,11,5,4,5,4,9,6,36,32,20,15,1.80,1.43,1.43,1.80
bLP5yET8,0,0,21,10,0.85,1.64,4,12,3,1,44% (4/9),27% (6/22),5,3,48% (10/21),40% (8/20),45,50,1,0,0,0,10,15,6,0,0,1,1.14,2.29,0.50,1.14,1,3,5,8,12,13,15,10,1,1,34% (12/35),69% (20/29),77% (77/100),86% (210/243),84% (342/407),92% (627/685),37%,63%,5,6,7,14,5,4,4,4,3,8,15,47,12,18,1.14,3.50,3.50,1.14
WYNDZibL,1,0,41,16,1.49,0.26,2,4,0,3,36% (5/14),5% (1/20),2,3,62% (13/21),67% (4/6),49,48,1,0,1,0,17,12,1,0,1,0,2.57,1.14,0.22,1.22,4,2,12,12,20,28,12,17,1,0,38% (23/60),37% (20/54),73% (72/99),63% (100/159),80% (303/380),81% (437/542),41%,59%,3,3,9,5,2,2,3,1,5,3,21,14,11,7,3.22,1.22,1.22,3.22
IVe1QmL7,0,1,21,12,0.99,0.50,7,3,2,2,27% (6/22),21% (3/14),5,4,80% (12/15),40% (6/15),43,48,0,0,0,0,15,10,1,2,,,1.15,1.02,0.78,-0.47,1,3,9,8,5,15,10,15,0,0,49% (19/39),49% (21/43),76% (84/111),84% (107/128),83% (278/336),88% (442/501),41%,59%,5,0,9,8,6,4,6,7,4,5,35,22,15,12,0.53,0.78,0.78,0.53
pxlmliDE,0,0,22,28,1.05,0.45,2,6,3,3,33% (6/18),33% (8/24),7,1,59% (13/22),50% (5/10),50,43,0,0,0,0,14,15,0,0,,,1.33,0.83,1.82,-0.39,3,1,9,8,12,16,15,14,0,1,38% (19/50),48% (22/46),64% (77/120),70% (53/76),79% (318/403),82% (301/365),52%,48%,3,1,8,10,5,1,8,3,2,7,20,25,13,11,0.61,1.82,1.82,0.61
jJ4pUVLr,0,0,26,28,1.38,1.35,6,9,,,12% (2/17),37% (11/30),4,3,65% (11/17),55% (11/20),34,49,0,0,0,0,10,4,4,2,,,1.59,1.04,0.27,-0.38,4,2,7,15,26,18,4,10,1,0,56% (29/52),60% (24/40),83% (139/168),79% (102/129),88% (447/510),85% (371/435),53%,47%,6,8,14,13,4,6,7,7,5,4,47,42,18,19,1.62,0.27,0.27,1.62
AoUBFW6k,2,0,30,44,1.25,0.85,2,3,0,2,41% (9/22),10% (2/20),4,2,53% (8/15),56% (9/16),46,41,1,0,2,0,6,7,0,1,0,1,2.84,1.54,0.18,-0.37,4,2,8,7,18,22,7,6,1,0,53% (38/72),34% (14/41),69% (93/135),67% (85/126),83% (380/457),81% (304/376),55%,45%,6,4,12,9,5,5,7,3,4,7,35,22,17,14,1.63,2.18,2.18,1.63
rDsJDAy2,0,0,25,26,0.58,1.11,8,2,2,1,27% (6/22),50% (8/16),3,4,55% (6/11),66% (19/29),45,52,1,0,1,0,7,11,2,1,,,0.87,1.93,0.50,1.10,1,1,10,18,27,11,11,7,0,0,46% (28/61),41% (19/46),71% (73/103),65% (87/133),81% (387/475),83% (397/477),50%,50%,2,4,8,9,2,4,3,3,5,6,15,39,10,13,1.10,2.50,2.50,1.10
jcHwYvNG,0,0,23,28,0.72,0.29,10,1,1,3,23% (5/22),13% (1/8),1,2,65% (11/17),55% (11/20),56,58,0,0,0,0,12,18,2,0,,,2.32,1.19,-0.59,0.08,5,2,7,9,30,20,18,12,0,0,45% (21/47),25% (13/51),71% (84/119),64% (56/87),81% (314/389),80% (292/367),52%,48%,8,2,10,5,5,3,4,3,3,3,33,18,15,8,1.08,1.41,1.41,1.08
t4sdnVsR,1,1,21,19,0.89,0.44,5,2,2,2,24% (4/17),18% (3/17),4,3,39% (9/23),59% (10/17),49,49,0,2,2,3,11,7,0,1,1,0,2.35,0.59,0.45,-0.55,6,0,5,8,25,25,7,11,3,0,47% (28/60),31% (8/26),62% (59/95),72% (71/98),81% (288/355),86% (393/456),44%,56%,4,3,14,9,4,5,7,8,7,3,24,22,18,14,3.45,0.45,0.45,3.45
U7CL8Og5,0,0,17,21,1.75,0.81,6,6,0,1,29% (5/17),32% (6/19),1,4,72% (13/18),62% (8/13),45,39,0,1,1,1,3,7,0,4,,,1.69,0.85,0.16,-0.57,3,0,4,10,20,14,7,3,1,0,56% (22/39),47% (23/49),84% (126/150),67% (49/73),89% (452/507),83% (283/342),59%,41%,7,5,12,8,11,1,9,3,7,1,35,19,23,9,1.43,0.16,0.16,1.43
n5KMyNNi,1,0,14,40,0.70,0.89,13,3,1,2,19% (6/31),27% (3/11),4,3,58% (11/19),67% (14/21),72,57,0,0,0,0,13,13,2,0,0,1,1.25,1.34,-0.83,1.22,3,3,7,9,16,12,13,13,0,0,33% (14/42),31% (21/68),65% (98/150),63% (57/91),80% (365/459),75% (252/336),59%,41%,6,1,7,6,7,2,5,0,3,7,27,16,14,8,1.22,2.17,2.17,1.22
fBXzEJVp,1,0,38,32,0.84,1.81,9,5,1,6,30% (7/23),26% (6/23),4,3,69% (9/13),82% (14/17),53,41,0,1,0,0,8,19,1,0,,,1.29,2.44,0.54,-0.46,1,3,6,4,19,17,19,8,0,0,33% (19/57),25% (13/53),67% (72/108),66% (59/90),81% (328/403),71% (187/262),60%,40%,4,5,8,11,8,6,8,5,4,7,22,30,16,17,0.54,2.54,2.54,0.54
UTmdL1wB,0,0,38,47,0.95,0.26,6,2,2,0,16% (5/32),38% (5/13),2,4,40% (6/15),73% (8/11),68,64,0,0,0,1,6,9,1,3,,,0.52,0.46,0.19,0.72,0,0,8,7,23,26,9,6,2,0,52% (26/50),19% (16/83),74% (111/150),37% (31/84),80% (369/461),65% (234/358),57%,43%,7,1,6,4,8,2,3,3,4,2,33,19,14,6,0.72,0.19,0.19,0.72
0lduPqvn,0,1,29,22,0.60,0.73,3,9,0,2,33% (6/18),4% (1/24),4,5,50% (11/22),47% (7/15),49,44,0,1,1,2,6,7,0,0,,,1.17,0.93,1.07,-0.97,2,2,7,7,16,15,7,6,1,1,38% (20/53),47% (15/32),72% (76/106),81% (160/198),81% (318/392),89% (617/690),36%,64%,1,4,9,9,1,3,0,4,9,4,25,32,10,12,2.03,1.07,1.07,2.03
8EamNN8b,0,0,25,24,1.03,0.85,6,6,2,2,23% (5/22),22% (4/18),4,3,72% (13/18),46% (6/13),49,34,0,1,0,0,6,9,1,0,,,3.15,1.24,0.17,0.16,4,4,6,7,19,12,9,6,1,0,55% (30/55),51% (36/70),77% (130/168),67% (72/107),85% (442/518),83% (343/413),55%,45%,6,3,17,6,5,3,10,1,6,5,42,16,22,9,3.16,1.17,1.17,3.16
bm4x5tgU,0,0,25,30,2.28,0.48,4,8,5,5,38% (6/16),28% (5/18),4,4,55% (6/11),50% (6/12),36,43,1,0,1,0,11,11,2,1,1,0,2.17,1.02,0.01,0.45,5,1,7,12,22,30,11,11,1,0,47% (23/49),39% (24/61),69% (91/132),76% (100/132),78% (297/380),80% (346/431),47%,53%,2,3,11,10,5,2,7,4,7,5,32,29,16,12,2.45,1.01,1.01,2.45
QZ5U62OH,1,0,24,30,0.56,0.88,6,8,2,2,9% (2/22),20% (3/15),4,3,62% (8/13),63% (10/16),42,47,0,0,0,0,10,9,2,0,,,1.81,1.77,0.37,-0.54,2,2,9,12,15,12,9,10,0,2,48% (19/40),41% (20/49),74% (121/164),69% (78/113),85% (426/502),77% (320/415),55%,45%,4,7,6,8,10,6,7,2,5,5,23,27,16,14,1.46,1.37,1.37,1.46
0jR7cwU6,1,2,25,27,2.30,1.70,1,5,2,4,50% (7/14),26% (7/27),2,1,67% (10/15),88% (7/8),48,35,0,0,0,1,12,10,0,2,1,1,2.56,1.33,-0.77,-0.17,5,3,11,8,16,26,10,12,2,0,40% (24/60),48% (30/62),60% (63/105),72% (74/103),77% (336/438),81% (346/428),50%,50%,0,3,9,9,1,4,7,6,3,4,23,28,10,13,1.83,1.23,1.23,1.83
dtZvdoAa,1,0,17,36,1.40,0.55,3,4,,,15% (3/20),33% (4/12),6,3,67% (8/12),55% (11/20),49,47,1,0,1,1,8,13,0,1,,,1.70,1.18,0.95,0.18,1,2,11,12,23,25,13,8,0,1,44% (21/48),38% (26/68),78% (159/203),61% (60/99),84% (465/553),73% (233/320),63%,37%,6,3,10,7,7,6,7,3,4,7,45,18,17,13,1.18,1.95,1.95,1.18
0EuWc7um,0,0,51,55,0.48,0.53,8,3,2,3,19% (4/21),29% (4/14),3,0,89% (8/9),53% (8/15),61,57,0,0,1,0,12,11,5,2,,,0.68,1.12,0.35,0.00,0,1,3,6,22,24,11,12,0,0,42% (27/64),32% (18/56),58% (80/137),41% (33/80),79% (364/463),62% (142/228),67%,33%,7,3,7,7,5,3,5,4,0,3,26,20,12,10,0.00,0.35,0.35,0.00
UgXnfPvC,0,0,22,31,0.92,1.64,6,6,3,2,10% (2/21),35% (6/17),1,3,47% (9/19),63% (10/16),40,39,0,1,0,0,10,5,1,1,1,0,1.11,1.00,-0.16,-0.79,3,3,12,8,11,11,5,10,3,1,49% (22/45),38% (15/40),75% (108/144),75% (110/146),86% (410/479),85% (376/442),52%,48%,4,2,11,6,5,3,6,5,6,2,20,31,16,9,2.21,0.84,0.84,2.21
QLQeh39O,1,0,22,22,0.53,0.58,5,4,2,3,21% (3/14),17% (3/18),1,2,88% (7/8),63% (10/16),42,45,0,0,1,0,8,11,3,0,,,0.95,1.03,0.29,0.44,1,1,7,10,28,21,11,8,2,0,54% (28/52),46% (26/57),63% (65/104),63% (77/122),80% (321/401),80% (378/474),46%,54%,5,2,5,5,6,1,4,3,2,1,18,15,11,6,0.44,0.29,0.29,0.44
Ms9DApPh,0,1,34,16,0.26,1.82,1,15,2,2,17% (1/6),30% (10/33),5,0,60% (15/25),88% (7/8),41,51,0,0,1,0,14,5,3,2,1,0,0.54,2.03,0.86,-0.01,1,1,12,13,21,16,5,14,0,1,27% (13/48),54% (21/39),50% (26/52),82% (191/234),74% (224/304),91% (684/755),28%,72%,0,7,1,19,0,5,0,11,1,6,6,40,1,24,0.99,1.86,1.86,0.99
4OXbaaaf,0,1,29,33,0.98,0.13,8,3,,,19% (4/21),22% (2/9),3,4,75% (12/16),53% (8/15),56,48,0,1,1,0,11,12,2,1,,,2.70,1.05,0.42,0.23,2,2,4,16,15,18,12,11,0,0,39% (14/36),26% (14/53),84% (209/249),54% (46/85),87% (503/581),74% (238/321),64%,36%,9,4,12,5,13,4,9,2,7,3,40,15,25,9,2.23,0.42,0.42,2.23
juf03THP,1,1,22,29,1.32,0.68,8,1,2,2,25% (7/28),17% (2/12),4,3,55% (6/11),56% (9/16),41,47,0,0,1,1,9,10,0,0,,,1.38,1.41,0.48,0.44,2,1,9,7,24,17,10,9,2,2,61% (17/28),33% (17/51),88% (204/233),63% (66/104),92% (620/675),78% (259/331),67%,33%,9,1,10,3,12,4,10,1,3,5,33,12,22,7,0.44,1.48,1.48,0.44
8GUFeHbJ,1,1,38,42,0.61,1.56,5,8,1,0,30% (6/20),27% (7/26),2,2,62% (8/13),80% (16/20),45,63,0,0,1,0,11,5,1,1,,,1.40,2.55,0.17,0.21,3,3,3,11,34,18,5,11,0,1,40% (23/57),28% (15/54),60% (61/102),68% (101/149),70% (199/283),80% (377/471),38%,62%,8,9,12,14,3,8,5,10,2,3,25,32,15,22,0.21,0.17,0.17,0.21
0SK4C6ft,0,0,22,43,0.58,1.40,7,3,1,2,0% (0/20),38% (5/13),3,3,57% (4/7),65% (17/26),40,56,0,0,2,2,7,12,3,1,,,0.89,1.68,0.34,0.72,0,1,5,12,28,9,12,7,2,1,39% (22/57),26% (15/57),65% (77/118),65% (74/113),79% (332/422),79% (371/471),48%,52%,5,5,8,9,6,3,5,3,4,4,28,31,14,12,0.72,1.34,1.34,0.72
vwIIJTp9,0,0,28,30,0.93,0.91,6,3,3,2,42% (5/12),10% (2/20),1,3,59% (10/17),54% (13/24),60,62,1,0,0,0,14,14,1,1,,,1.09,1.78,-1.46,0.10,1,3,10,6,22,13,14,14,0,2,46% (19/41),45% (22/49),55% (42/76),70% (63/90),78% (242/311),87% (402/463),40%,60%,5,3,10,8,2,1,3,2,4,4,23,21,12,9,1.10,1.54,1.54,1.10
CWPWeQh2,1,0,30,18,1.05,1.65,2,4,4,3,33% (5/15),14% (2/14),4,3,78% (14/18),75% (9/12),60,53,0,0,1,2,15,16,0,0,0,1,2.48,1.49,-0.28,0.54,3,4,9,9,21,18,16,15,0,2,43% (32/74),38% (18/47),66% (71/108),74% (110/148),76% (291/381),82% (384/469),45%,55%,1,5,8,8,4,6,6,4,5,5,23,33,12,14,2.54,0.72,0.72,2.54
Y1fIjVGM,1,0,14,15,1.03,2.29,3,8,3,2,9% (1/11),16% (3/19),4,3,73% (8/11),40% (6/15),29,37,0,0,0,0,10,9,2,2,,,0.78,3.60,0.09,-0.46,3,5,7,9,16,20,9,10,1,2,56% (18/32),46% (13/28),78% (83/106),82% (76/93),86% (371/431),91% (515/565),43%,57%,1,4,6,14,3,1,4,3,4,8,17,34,9,15,0.54,4.09,4.09,0.54
QaZdqm9d,0,0,28,50,0.59,0.34,4,3,4,1,17% (5/30),14% (1/7),1,2,65% (15/23),38% (6/16),58,55,1,0,1,2,14,12,3,0,,,0.82,0.46,-0.86,0.56,2,0,11,8,23,24,12,14,0,2,44% (23/52),41% (25/61),70% (99/142),45% (41/92),82% (385/470),70% (226/322),60%,40%,5,1,6,6,5,1,3,4,3,2,29,18,11,7,0.56,0.14,0.14,0.56
ELFi5UVF,0,0,21,31,0.70,0.68,6,5,2,4,36% (9/25),13% (2/15),3,5,44% (4/9),57% (4/7),41,40,1,0,0,0,14,12,0,7,,,0.89,1.09,0.13,0.56,0,3,3,14,18,16,12,14,0,0,50% (28/56),31% (13/42),67% (96/144),59% (48/82),83% (470/563),80% (302/379),60%,40%,4,2,10,6,3,3,4,4,5,3,29,13,13,9,0.56,1.13,1.13,0.56
jHyOcnOk,1,0,6,27,1.93,0.34,6,1,0,4,17% (4/24),18% (2/11),2,3,60% (6/10),70% (14/20),46,42,0,0,0,1,10,6,1,3,1,0,2.12,0.97,-0.84,-0.48,5,2,6,6,17,6,6,10,2,0,67% (24/36),38% (18/47),88% (240/272),65% (35/54),92% (714/774),82% (269/329),70%,30%,6,3,16,6,5,3,8,2,7,4,46,13,21,9,1.52,1.16,1.16,1.52
WAZj1LUs,0,2,35,11,0.14,1.50,2,11,2,1,22% (2/9),19% (5/27),5,1,64% (16/25),56% (9/16),52,42,2,0,0,0,10,13,0,1,,,0.44,2.56,0.22,-1.27,1,5,9,8,13,18,13,10,1,1,18% (6/33),64% (21/33),58% (33/57),80% (167/209),79% (249/315),89% (540/609),34%,66%,0,3,2,14,2,6,1,10,3,7,11,47,4,20,0.73,1.22,1.22,0.73
IZVlo9vp,2,0,43,30,1.73,0.58,4,3,2,1,19% (3/16),13% (2/15),2,2,69% (9/13),21% (3/14),57,52,0,0,0,0,9,10,2,0,,,1.92,0.39,0.22,0.45,4,2,12,6,23,21,10,9,4,0,36% (20/55),44% (34/77),66% (97/146),56% (61/108),77% (320/413),77% (348/454),48%,52%,3,2,9,3,4,2,8,1,2,2,27,15,13,5,0.45,0.22,0.22,0.45
t8Hq7j13,1,0,25,29,0.85,0.15,6,3,0,1,15% (3/20),0% (0/7),2,3,67% (12/18),59% (10/17),49,39,0,0,0,0,10,12,1,2,1,0,1.30,0.78,0.54,-0.77,2,1,10,14,22,22,12,10,1,0,53% (26/49),45% (23/51),79% (158/199),66% (74/112),88% (509/581),86% (407/476),55%,45%,4,1,9,3,5,2,5,2,5,2,24,11,14,5,1.23,0.54,0.54,1.23
KYph380S,1,0,20,50,0.65,0.12,9,2,1,3,14% (4/29),13% (1/8),0,4,38% (6/16),69% (11/16),62,56,0,0,0,1,15,19,2,5,,,1.15,0.86,-0.35,0.73,0,1,6,7,22,19,19,15,0,0,45% (30/66),23% (17/73),66% (83/125),49% (35/72),83% (455/550),61% (143/233),70%,30%,9,2,12,3,6,0,5,0,4,1,25,8,18,3,0.73,0.65,0.65,0.73
CE2gREmB,0,1,21,22,1.52,0.81,5,10,1,5,18% (2/11),22% (4/18),4,3,53% (9/17),40% (8/20),48,49,0,0,1,1,11,14,0,1,2,0,1.09,1.07,1.09,0.09,2,3,5,13,8,9,14,11,0,1,49% (21/43),40% (19/47),65% (72/110),78% (59/76),82% (277/338),88% (425/482),41%,59%,4,1,7,5,5,4,3,5,5,3,30,13,12,9,2.09,1.09,1.09,2.09
lfdXJWuo,0,0,20,15,1.29,0.44,4,4,3,1,55% (6/11),24% (4/17),3,5,65% (11/17),56% (5/9),48,41,0,1,0,0,12,13,0,4,,,1.32,0.80,-0.42,-0.82,2,1,6,8,15,14,13,12,1,0,47% (25/53),58% (29/50),73% (103/141),75% (71/95),87% (453/522),86% (380/444),54%,46%,2,6,7,7,7,6,5,3,7,4,28,17,14,13,1.18,0.58,0.58,1.18
CSsSuE24,0,0,34,18,0.89,0.49,5,8,3,3,38% (5/13),29% (6/21),0,2,67% (8/12),69% (11/16),55,47,0,0,0,1,11,14,1,1,0,1,2.28,0.88,-0.24,-1.21,3,1,10,10,16,22,14,11,0,0,43% (23/54),33% (21/64),61% (65/107),54% (51/94),80% (384/480),74% (293/395),54%,46%,4,7,15,10,3,3,10,5,4,1,34,30,18,13,0.79,0.76,0.76,0.79
vqBFW9Pj,0,0,16,29,1.31,0.31,7,1,2,2,44% (11/25),17% (1/6),2,9,43% (6/14),31% (5/16),57,45,0,0,0,2,13,12,1,2,1,1,2.16,0.39,-0.31,0.37,3,0,4,6,10,11,12,13,1,0,58% (22/38),28% (17/61),78% (138/177),54% (43/80),86% (527/612),77% (308/399),61%,39%,5,2,11,5,9,3,4,3,11,3,32,13,20,8,2.37,0.69,0.69,2.37
YsWzvhXG,0,0,26,39,0.87,1.36,5,3,0,3,27% (6/22),24% (5/21),4,2,36% (5/14),47% (8/17),32,59,0,0,1,1,10,8,1,4,,,1.49,2.00,1.62,0.47,3,4,9,0,21,13,8,10,0,1,39% (18/46),50% (23/46),58% (50/86),85% (179/210),74% (229/311),90% (587/655),33%,67%,5,4,7,11,7,3,7,5,2,5,25,25,14,14,0.47,2.62,2.62,0.47
42vKszYi,0,0,39,28,0.78,0.88,4,8,2,2,29% (5/17),23% (5/22),2,1,62% (8/13),79% (11/14),52,66,0,1,0,1,9,9,2,0,1,1,0.97,2.25,-1.19,-0.72,1,5,4,8,20,14,9,9,1,1,36% (20/55),45% (28/62),68% (69/101),63% (68/108),79% (256/326),81% (376/463),41%,59%,2,5,9,13,3,3,7,4,3,7,13,44,12,16,1.28,2.81,2.81,1.28
KbUrxW1T,0,0,22,19,1.32,0.81,10,5,2,2,10% (2/20),19% (4/21),3,2,48% (10/21),62% (8/13),46,49,0,0,2,0,12,11,1,1,1,1,1.84,1.85,-0.05,-1.56,2,2,6,13,20,21,11,12,0,0,44% (17/39),44% (25/57),74% (104/140),58% (67/116),81% (328/405),79% (332/422),49%,51%,7,3,13,8,5,3,4,4,7,4,34,31,18,11,2.44,1.95,1.95,2.44
Wxb1fDHc,1,1,11,41,0.68,0.91,7,2,2,3,13% (4/30),50% (2/4),2,4,38% (5/13),52% (14/27),48,80,2,0,1,0,15,7,0,4,0,1,1.03,2.13,-0.13,-1.32,1,3,5,9,27,13,7,15,0,0,32% (10/31),35% (18/51),80% (182/227),61% (54/89),87% (510/587),74% (231/311),66%,34%,4,1,7,5,10,4,6,3,7,5,32,11,17,9,0.68,2.87,2.87,0.68
hOA1PhIN,0,0,27,46,1.00,0.21,7,3,4,2,15% (4/26),8% (1/12),3,4,63% (10/16),62% (16/26),65,61,0,1,1,3,15,12,1,2,1,0,1.71,1.43,0.27,0.06,2,1,14,6,18,24,12,15,0,0,41% (28/68),34% (18/53),70% (113/162),48% (41/86),77% (358/464),67% (193/287),62%,38%,7,2,10,6,11,2,9,2,5,4,28,14,21,8,1.06,1.27,1.27,1.06
S4iAhinA,0,0,25,15,0.17,0.58,0,5,3,3,18% (2/11),27% (7/26),4,0,75% (12/16),45% (5/11),48,44,0,0,0,0,13,19,1,0,,,0.87,1.03,0.84,-1.12,2,2,10,11,15,15,19,13,0,0,30% (14/47),69% (24/35),61% (37/61),73% (90/124),78% (256/328),87% (439/502),39%,61%,3,6,6,10,3,4,4,3,2,5,12,24,9,14,0.88,0.84,0.84,0.88
UBn9TqDs,0,0,13,38,0.55,0.46,10,1,2,3,14% (5/35),17% (1/6),1,4,44% (8/18),67% (8/12),61,44,0,0,0,0,12,7,1,0,,,0.64,1.27,0.10,0.87,0,2,14,8,22,14,7,12,0,0,38% (21/55),39% (23/59),72% (119/165),71% (89/125),77% (316/413),80% (388/483),48%,52%,6,2,5,6,7,5,2,6,4,3,16,16,12,11,0.87,1.10,1.10,0.87
rZAxVdln,0,0,42,15,0.55,1.42,2,5,2,1,18% (2/11),20% (3/15),2,4,54% (13/24),68% (21/31),49,71,2,1,3,0,17,11,0,0,,,0.76,2.07,-1.94,0.66,0,6,15,8,30,16,11,17,0,2,20% (10/50),34% (17/50),56% (28/50),71% (137/193),73% (232/320),79% (378/480),40%,60%,1,7,3,13,3,7,0,6,5,7,7,45,6,20,1.66,2.06,2.06,1.66
bTewZ5kK,1,0,31,48,0.82,1.14,7,3,5,3,21% (5/24),47% (7/15),7,2,80% (12/15),53% (9/17),52,69,0,0,0,1,19,13,0,1,,,2.00,1.63,2.07,0.48,3,2,7,13,26,21,13,19,0,1,37% (18/49),28% (12/43),75% (100/134),65% (62/96),80% (340/425),76% (210/277),61%,39%,4,3,9,7,5,5,7,2,3,7,23,16,14,12,1.48,2.07,2.07,1.48
bivQP1C6,0,0,35,27,0.51,1.16,7,2,2,0,23% (7/30),31% (4/13),3,2,78% (14/18),50% (7/14),48,44,0,0,1,3,13,9,1,1,,,1.19,1.73,0.86,0.65,1,4,10,9,14,18,9,13,1,0,46% (24/52),57% (28/49),76% (114/150),69% (91/131),83% (348/421),84% (412/489),47%,53%,8,4,7,8,11,2,8,2,2,4,23,18,18,10,0.65,1.86,1.86,0.65
IgfRNusJ,0,0,25,37,0.94,0.65,6,4,1,1,7% (1/14),18% (3/17),1,1,42% (5/12),45% (10/22),41,47,0,0,0,3,6,13,1,1,0,1,1.85,1.88,-0.83,0.01,3,3,5,9,18,23,13,6,0,1,45% (24/53),33% (19/57),61% (72/118),72% (62/86),82% (334/406),81% (287/355),53%,47%,5,3,8,9,4,3,5,5,2,4,34,19,12,12,1.01,2.17,2.17,1.01
QwtIRNsf,0,0,23,18,0.98,0.53,5,5,2,5,55% (6/11),31% (4/13),6,5,62% (13/21),56% (10/18),61,49,0,0,0,0,12,13,1,5,1,0,1.36,0.62,0.10,-0.14,5,0,5,8,14,12,13,12,2,0,39% (19/49),46% (27/59),81% (113/140),66% (65/99),84% (393/467),81% (305/375),55%,45%,2,3,10,8,5,5,6,3,7,7,31,20,15,13,1.86,1.10,1.10,1.86
4laoTzJb,0,1,30,25,2.01,0.36,9,5,1,1,36% (8/22),7% (1/15),5,3,62% (13/21),71% (12/17),63,44,0,0,0,2,10,11,2,3,,,3.28,0.65,0.30,1.57,3,0,8,8,17,19,11,10,0,0,37% (15/41),30% (17/56),52% (53/101),56% (60/108),72% (242/334),79% (384/484),42%,58%,7,4,16,4,4,6,10,1,3,5,35,17,20,10,1.57,0.30,0.30,1.57
G8MZEpbl,1,0,20,40,1.23,0.70,7,2,1,4,25% (7/28),38% (5/13),3,3,57% (8/14),59% (13/22),61,53,0,0,0,0,11,16,4,5,,,1.46,1.36,0.11,0.83,1,2,8,11,23,16,16,11,0,0,44% (16/36),39% (17/44),76% (156/204),51% (37/72),85% (443/520),71% (182/256),67%,33%,5,4,6,9,10,5,7,6,4,4,30,21,16,14,1.83,1.11,1.11,1.83
CzGrDOS0,0,1,21,26,1.81,0.28,6,4,1,2,29% (6/21),15% (2/13),5,4,75% (6/8),50% (8/16),46,54,1,0,0,1,9,14,1,1,,,1.60,1.09,-0.66,0.59,3,2,10,9,25,14,14,9,1,0,33% (22/66),30% (18/60),70% (74/105),63% (80/127),78% (343/439),77% (319/416),52%,48%,0,1,9,6,4,5,10,3,3,7,24,19,13,11,0.59,1.34,1.34,0.59
IXIjB2cD,0,0,13,20,1.35,0.53,9,5,4,2,11% (2/18),45% (5/11),3,1,62% (8/13),67% (6/9),43,36,0,0,0,3,13,11,2,4,0,1,1.99,0.84,0.12,0.16,3,1,9,15,13,15,11,13,1,0,50% (23/46),40% (17/43),81% (155/191),72% (55/76),88% (533/605),79% (240/302),66%,34%,5,2,6,9,6,3,5,6,2,4,25,15,12,12,1.16,1.12,1.12,1.16
rXDVZ0h4,0,0,18,25,0.22,1.06,1,3,2,1,21% (3/14),29% (6/21),2,0,54% (14/26),60% (12/20),51,67,0,1,1,0,6,8,1,3,0,1,0.29,1.61,-0.74,-0.86,1,3,8,13,31,16,8,6,0,2,41% (24/59),24% (12/49),63% (52/83),75% (129/171),75% (269/361),81% (395/486),43%,57%,0,2,2,9,3,1,3,4,2,4,10,31,5,10,1.14,1.26,1.26,1.14
lKNJm8ak,0,0,28,37,1.07,1.37,6,4,3,2,33% (5/15),35% (8/23),1,2,55% (6/11),55% (12/22),35,58,0,0,1,2,12,11,0,0,1,1,1.50,0.60,-0.05,0.87,3,1,12,4,23,19,11,12,1,1,37% (23/63),60% (29/48),51% (40/78),78% (138/176),75% (235/314),85% (384/452),41%,59%,5,3,9,6,3,1,4,2,3,2,23,32,12,7,1.87,0.95,0.95,1.87
W2uAbPD7,0,1,39,37,0.96,1.15,3,11,1,0,16% (4/25),12% (3/26),2,2,50% (7/14),60% (9/15),42,55,0,0,1,1,8,10,2,1,0,1,0.63,2.53,0.44,0.52,1,4,8,4,12,12,10,8,2,0,35% (18/52),46% (24/52),68% (63/93),79% (147/187),84% (311/372),86% (432/501),43%,57%,4,13,8,16,3,7,5,7,2,3,27,42,11,23,0.52,1.44,1.44,0.52
4nnmgUyS,0,1,22,13,0.92,0.63,7,5,2,3,36% (5/14),19% (5/27),3,2,45% (5/11),63% (10/16),39,41,0,0,1,0,9,15,0,3,,,0.81,0.56,0.34,0.09,0,0,7,13,12,23,15,9,0,1,45% (25/55),46% (24/52),71% (86/121),68% (71/105),82% (342/418),83% (348/418),50%,50%,4,1,10,7,5,2,10,5,1,3,31,24,15,9,0.09,0.34,0.34,0.09
AP8E9kM8,0,0,25,37,2.08,0.34,8,2,2,1,44% (11/25),23% (3/13),1,1,57% (8/14),50% (8/16),51,55,1,0,1,0,11,8,1,1,1,0,1.80,0.53,-0.49,-0.95,3,1,8,7,17,15,8,11,2,0,39% (21/54),24% (16/66),69% (111/161),52% (49/94),81% (462/572),67% (212/316),64%,36%,11,1,15,4,6,4,7,4,3,3,39,19,21,8,1.05,1.51,1.51,1.05
2Nmg27Er,0,0,16,11,0.41,0.56,4,4,3,1,11% (1/9),29% (4/14),3,2,50% (11/22),61% (14/23),44,41,0,1,2,3,8,10,3,1,,,1.37,1.42,0.45,-1.38,2,1,7,8,11,22,10,8,1,1,66% (27/41),47% (22/47),82% (103/126),76% (66/87),91% (577/634),85% (418/492),56%,44%,5,3,5,12,8,2,3,8,5,3,18,21,13,14,1.62,0.45,0.45,1.62
Ami10oqe,0,0,26,39,2.14,0.26,8,2,0,2,26% (10/38),9% (1/11),3,10,56% (10/18),70% (14/20),60,48,0,0,0,0,12,13,2,0,,,2.55,0.42,0.21,2.03,4,0,6,6,16,10,13,12,0,0,73% (27/37),37% (24/65),84% (161/191),57% (42/74),89% (426/480),75% (216/287),63%,37%,9,0,16,4,19,3,16,4,10,3,40,13,35,7,2.03,0.21,0.21,2.03
Kxy4K6zR,0,0,24,12,0.78,0.68,5,3,1,1,21% (3/14),30% (6/20),2,2,67% (10/15),63% (12/19),33,50,0,0,0,0,10,4,1,3,,,1.11,0.58,-0.52,0.46,2,1,16,8,14,28,4,10,0,0,46% (21/46),53% (21/40),70% (61/87),78% (150/193),79% (261/329),88% (551/629),35%,65%,3,2,4,8,3,1,1,4,3,3,9,22,7,9,1.46,0.48,0.48,1.46
dpRRonU1,0,0,22,33,2.66,0.56,4,1,4,4,32% (6/19),25% (1/4),0,2,43% (6/14),55% (6/11),46,38,1,0,0,1,9,13,4,1,,,3.13,1.44,-0.26,-0.54,5,2,7,9,20,17,13,9,4,0,53% (18/34),40% (21/52),78% (123/158),61% (45/74),92% (593/644),82% (274/336),66%,34%,7,2,14,2,5,2,8,0,4,2,34,17,19,4,1.46,1.74,1.74,1.46
rw7M7TjL,1,0,20,35,1.88,1.23,7,2,1,3,46% (11/24),17% (2/12),2,5,55% (6/11),43% (9/21),58,55,0,0,2,2,14,15,1,0,0,2,2.95,1.33,0.06,1.47,3,2,8,8,20,18,15,14,0,1,42% (22/52),30% (16/53),70% (107/153),61% (54/89),81% (357/443),77% (310/403),53%,47%,5,5,14,5,2,6,5,2,6,4,37,14,16,11,2.47,2.06,2.06,2.47
OAseMS5E,0,0,42,26,1.35,1.24,2,12,3,2,54% (7/13),24% (8/34),3,1,69% (11/16),65% (15/23),48,57,0,0,0,0,15,11,0,2,,,1.85,2.48,-0.41,-0.27,2,3,7,3,15,14,11,15,0,0,45% (23/51),53% (24/45),69% (75/108),72% (98/136),84% (341/407),82% (277/339),53%,47%,8,9,10,17,6,4,6,7,2,5,29,53,16,21,0.73,1.59,1.59,0.73
lbnqyVFq,0,0,20,31,0.93,1.26,5,4,2,4,29% (6/21),27% (3/11),5,3,53% (9/17),53% (8/15),49,51,0,0,2,2,13,16,6,2,,,1.00,2.75,-0.01,-0.50,1,3,7,10,15,16,16,13,0,2,46% (30/65),38% (20/53),67% (97/144),80% (109/137),78% (306/390),85% (393/465),47%,53%,3,4,9,9,6,8,8,6,4,7,32,25,15,17,0.50,1.99,1.99,0.50
lrdmg9KU,0,0,34,33,0.57,0.82,3,4,1,3,13% (2/15),25% (3/12),3,2,41% (7/17),52% (11/21),53,57,0,0,2,2,12,9,3,3,,,0.74,1.16,-0.13,0.24,1,1,3,10,12,18,9,12,0,0,56% (32/57),33% (22/67),67% (68/102),48% (47/98),85% (476/557),70% (217/311),64%,36%,3,0,5,6,2,1,2,3,2,4,13,25,7,7,0.24,0.87,0.87,0.24
xKSwcCx3,0,0,31,22,1.27,0.71,9,3,2,2,19% (4/21),15% (2/13),3,1,67% (6/9),67% (10/15),59,49,0,0,1,0,14,18,1,2,1,1,2.24,1.79,-1.38,-0.25,4,4,4,3,12,21,18,14,0,0,50% (28/56),30% (20/66),74% (99/133),56% (61/109),82% (351/428),75% (286/379),54%,46%,4,4,10,6,6,5,8,2,4,5,24,21,16,11,1.75,1.62,1.62,1.75
K24WdiL5,0,0,22,30,0.84,0.20,5,2,1,2,11% (2/19),17% (2/12),2,2,53% (8/15),54% (7/13),46,45,0,0,0,0,11,8,3,1,,,1.50,0.19,0.60,-1.77,1,1,12,6,12,16,8,11,0,0,54% (22/41),36% (19/53),77% (112/145),60% (62/104),84% (325/389),80% (327/408),49%,51%,5,1,10,4,6,1,6,1,5,3,34,13,16,5,1.23,0.60,0.60,1.23
GUcueVkI,1,0,25,40,1.56,0.46,11,4,1,1,11% (3/27),36% (4/11),3,7,60% (6/10),67% (12/18),40,48,0,1,0,1,4,11,3,3,,,2.06,0.59,0.33,1.14,3,1,11,7,21,17,11,4,2,0,52% (25/48),41% (21/51),67% (86/128),71% (79/111),83% (343/413),81% (310/382),53%,47%,4,3,12,5,8,2,7,0,9,4,26,20,20,7,2.14,1.33,1.33,2.14
UyEecLWo,0,0,23,34,1.03,0.66,5,2,3,1,20% (7/35),25% (2/8),2,5,56% (9/16),71% (10/14),44,40,0,0,0,2,11,10,0,1,0,1,1.33,0.70,-0.91,0.63,2,2,2,17,25,18,10,11,1,1,42% (15/36),30% (18/60),79% (119/151),61% (59/97),85% (400/470),81% (345/424),54%,46%,8,0,11,3,7,3,5,2,5,4,24,16,18,6,0.63,1.09,1.09,0.63
MqW2ea1b,2,1,22,29,2.02,1.28,6,6,1,5,53% (10/19),29% (6/21),2,3,60% (12/20),67% (10/15),48,48,0,0,0,1,11,12,2,2,,,1.97,1.88,-0.27,1.67,4,3,9,8,12,15,12,11,2,0,42% (16/38),48% (24/50),82% (107/131),70% (76/108),87% (419/483),85% (334/392),55%,45%,2,3,11,12,2,4,8,10,3,3,26,28,13,16,1.67,0.73,0.73,1.67
dMruej7F,1,0,21,28,1.24,1.31,3,4,1,1,30% (6/20),15% (2/13),3,2,67% (8/12),48% (10/21),43,48,0,0,4,0,9,10,2,1,,,1.06,3.44,0.02,-0.30,1,6,8,10,13,9,10,9,1,3,45% (15/33),53% (16/30),71% (56/79),77% (110/142),84% (307/365),93% (694/747),34%,66%,4,6,9,11,2,4,4,3,3,6,24,28,11,15,0.70,3.02,3.02,0.70
pQuhZ8pd,0,0,11,30,1.66,0.55,7,0,1,2,25% (5/20),40% (4/10),1,8,61% (11/18),38% (6/16),47,40,0,0,1,3,12,11,3,1,,,1.78,0.49,0.19,-0.51,3,1,5,9,18,8,11,12,1,0,44% (12/27),37% (17/46),84% (205/243),72% (51/71),90% (582/649),83% (283/342),65%,35%,6,5,10,4,13,3,7,1,10,1,37,17,23,7,1.49,0.19,0.19,1.49
raKBgwWA,1,0,36,18,1.40,1.29,5,10,1,1,41% (7/17),29% (10/34),5,2,73% (16/22),71% (10/14),63,52,0,0,1,0,9,12,1,4,0,1,2.50,1.33,0.50,-0.06,7,2,5,8,12,22,12,9,1,0,34% (17/50),45% (24/53),69% (72/104),71% (75/106),83% (398/477),78% (274/350),56%,44%,6,4,13,9,1,7,3,6,5,6,30,24,14,16,2.94,1.50,1.50,2.94
M7x6tWzP,0,0,25,27,0.78,0.26,1,2,1,4,10% (1/10),9% (2/22),0,3,78% (7/9),79% (11/14),41,40,0,1,0,0,12,10,0,2,,,1.52,0.06,0.00,-0.62,3,0,9,5,17,24,10,12,0,0,50% (27/54),47% (22/47),64% (68/106),80% (102/128),83% (355/426),87% (460/529),44%,56%,2,2,10,2,4,3,7,3,5,0,25,8,14,5,1.38,0.00,0.00,1.38
CWHF0ZLt,0,0,19,25,0.89,1.19,3,4,3,3,38% (5/13),41% (7/17),1,4,42% (10/24),52% (12/23),51,61,2,0,0,0,15,12,1,2,,,1.05,2.08,-0.74,-0.28,2,2,6,4,19,14,12,15,1,1,43% (23/53),60% (25/42),66% (67/101),78% (93/119),81% (311/385),90% (522/578),40%,60%,5,4,7,14,5,1,1,8,6,3,28,30,12,15,1.72,1.26,1.26,1.72
YBkFXzhf,0,0,19,34,2.11,0.15,12,1,1,4,27% (7/26),14% (1/7),0,5,53% (10/19),57% (4/7),49,35,1,0,1,1,8,8,1,6,,,2.41,0.37,-0.30,0.98,3,2,3,13,16,18,8,8,1,0,54% (15/28),36% (26/73),87% (257/297),48% (30/63),88% (558/636),72% (184/256),72%,28%,11,1,17,5,10,1,11,3,5,2,77,13,27,6,0.98,0.70,0.70,0.98
hSpkpEy0,1,0,30,10,1.46,1.42,3,7,2,1,50% (6/12),29% (8/28),4,3,45% (10/22),71% (12/17),50,39,0,0,0,0,6,9,1,2,1,0,1.79,1.94,1.35,-0.56,3,2,10,13,12,23,9,6,3,2,56% (27/48),33% (11/33),77% (102/132),79% (132/167),87% (372/428),90% (517/576),42%,58%,3,5,12,8,1,6,4,3,6,6,27,26,13,14,2.44,3.35,3.35,2.44
Quqcrh6C,0,0,25,24,0.25,0.97,5,7,1,3,15% (2/13),25% (6/24),1,0,69% (11/16),71% (10/14),63,37,0,0,2,0,4,12,2,0,,,0.49,1.90,-0.18,-0.12,2,1,10,6,17,16,12,4,0,0,51% (31/61),51% (27/53),60% (53/89),76% (149/195),73% (206/282),85% (489/575),33%,67%,3,3,6,9,3,5,5,8,1,3,19,28,9,14,0.88,0.82,0.82,0.88
bTitnz7m,0,1,38,23,1.10,0.35,7,11,1,3,25% (4/16),24% (6/25),1,3,61% (11/18),54% (7/13),46,34,0,2,0,1,11,7,1,3,,,2.28,0.36,-0.47,-0.86,7,0,6,8,15,17,7,11,1,1,46% (21/46),33% (14/42),71% (105/147),68% (74/109),84% (345/411),80% (266/332),54%,46%,3,3,11,4,6,4,7,3,7,2,41,21,17,8,3.14,0.53,0.53,3.14
nkONThiJ,1,1,23,47,1.52,0.52,9,3,3,2,17% (6/36),18% (2/11),4,3,57% (8/14),60% (9/15),46,51,0,0,2,1,11,13,0,2,2,0,2.70,1.12,-0.95,-0.36,4,2,8,7,17,13,13,11,0,3,67% (30/45),39% (24/61),81% (184/226),51% (54/106),89% (644/721),68% (205/300),71%,29%,4,3,11,8,3,3,4,2,6,6,35,24,14,11,2.64,1.05,1.05,2.64
vPKFVEM6,0,0,30,20,0.97,0.58,5,2,1,2,31% (4/13),20% (3/15),3,1,45% (9/20),61% (14/23),50,64,0,0,1,0,13,14,3,0,,,1.44,1.20,0.55,0.00,2,2,9,7,10,22,14,13,0,0,31% (13/42),52% (35/67),65% (74/113),65% (78/120),83% (408/492),79% (333/423),54%,46%,4,1,9,7,2,0,5,2,2,4,23,26,11,7,1.00,1.55,1.55,1.00
Sp1AidqQ,0,0,36,31,0.18,1.67,4,12,1,1,5% (1/19),31% (8/26),4,1,38% (6/16),50% (7/14),47,52,0,0,1,0,10,7,0,1,0,1,0.15,2.19,-2.49,0.42,0,6,10,6,23,23,7,10,0,1,32% (17/53),42% (23/55),63% (64/102),70% (92/132),80% (316/395),79% (313/395),50%,50%,1,2,2,12,1,3,1,4,1,9,21,28,3,15,0.42,1.51,1.51,0.42
Yo6ObDjg,1,0,19,32,1.00,1.03,5,6,2,3,32% (7/22),27% (3/11),2,7,74% (17/23),55% (11/20),60,56,0,0,0,1,11,15,2,2,,,1.38,1.36,-0.54,1.40,4,2,3,13,16,13,15,11,0,1,42% (19/45),45% (24/53),70% (73/104),64% (63/99),82% (389/476),85% (397/469),51%,49%,3,1,7,7,10,2,7,4,7,4,26,15,17,9,1.40,1.46,1.46,1.40
neRXKc8l,1,1,32,44,1.05,0.72,4,4,0,3,15% (3/20),17% (2/12),3,2,75% (15/20),65% (20/31),73,63,0,0,0,2,9,13,1,0,,,0.69,1.37,-0.21,0.00,1,3,6,10,25,22,13,9,2,1,31% (16/51),41% (27/66),76% (134/176),63% (62/98),83% (450/542),77% (304/394),58%,42%,4,3,6,10,4,4,3,7,3,4,25,23,10,14,1.00,0.79,0.79,1.00
YqgQO69M,0,0,20,25,1.41,0.35,9,2,2,0,16% (4/25),20% (1/5),0,3,64% (7/11),64% (9/14),41,40,1,0,2,2,11,9,3,0,,,1.19,0.71,-2.56,0.90,1,2,11,6,17,12,9,11,2,1,40% (14/35),27% (15/56),80% (126/157),57% (49/86),84% (371/443),79% (289/364),56%,44%,6,2,9,3,6,7,5,5,4,3,28,9,15,10,1.90,0.44,0.44,1.90
4YS4HO1d,1,0,22,54,1.79,0.20,6,5,1,0,19% (7/36),19% (3/16),0,1,43% (6/14),61% (11/18),57,54,0,0,0,0,11,10,1,0,,,1.81,0.78,-1.14,0.36,3,1,15,8,24,14,10,11,1,0,71% (32/45),36% (19/53),77% (141/182),69% (59/85),86% (490/567),74% (219/295),66%,34%,3,3,9,5,1,2,6,2,1,2,42,16,10,7,0.36,0.86,0.86,0.36
hf9aw6OF,0,0,23,45,0.85,0.52,4,5,4,2,15% (3/20),33% (5/15),2,5,53% (9/17),67% (10/15),63,46,1,0,0,2,11,10,2,1,1,0,1.77,2.20,-1.30,0.90,6,5,10,14,17,16,10,11,2,0,32% (19/60),48% (31/65),56% (70/125),68% (54/80),78% (342/440),85% (504/590),43%,57%,3,1,12,8,1,2,3,3,7,6,27,21,13,10,1.90,1.70,1.70,1.90
tEAzuJaK,0,0,22,29,0.93,1.13,6,5,1,2,18% (6/34),50% (5/10),6,4,63% (15/24),62% (13/21),66,49,0,0,3,0,7,12,2,0,0,1,2.18,1.15,-0.20,1.31,3,2,3,7,14,12,12,7,0,0,50% (18/36),28% (16/58),77% (131/170),68% (92/135),86% (447/519),77% (272/353),61%,39%,7,2,9,7,6,7,4,4,4,8,24,26,15,14,1.31,1.80,1.80,1.31
IHUdJpXq,1,0,38,27,0.98,1.55,3,11,1,1,23% (3/13),20% (4/20),2,2,50% (10/20),67% (8/12),37,35,0,1,0,0,7,7,0,0,,,2.34,0.93,-0.83,-1.50,6,1,14,4,15,22,7,7,1,0,45% (22/49),57% (20/35),61% (52/85),78% (204/262),77% (230/298),87% (537/616),33%,67%,3,6,9,7,3,7,4,4,5,4,26,40,12,14,1.50,1.17,1.17,1.50
KtBiuSg3,0,1,20,14,0.70,1.77,1,3,1,0,33% (2/6),37% (7/19),9,2,68% (13/19),62% (16/26),46,66,0,0,0,0,8,9,3,1,0,1,1.44,2.05,1.32,-0.11,3,4,16,10,18,18,9,8,0,0,27% (13/48),44% (23/52),66% (57/87),73% (108/147),77% (292/379),85% (526/620),37%,63%,3,0,6,11,3,7,2,7,4,11,15,28,9,18,1.89,3.32,3.32,1.89
hhUuJyw1,0,0,41,23,0.36,1.05,6,6,1,1,11% (2/18),31% (8/26),3,2,73% (8/11),56% (9/16),33,45,0,1,1,0,10,6,1,3,,,1.05,1.59,-0.49,-0.94,2,4,7,12,24,14,6,10,0,1,46% (26/56),30% (15/50),70% (70/100),64% (84/131),83% (417/502),84% (432/517),49%,51%,3,4,5,10,7,3,5,4,4,5,19,28,12,13,1.06,0.51,0.51,1.06
E7IlHF7D,2,1,11,21,0.78,0.45,4,6,1,3,33% (3/9),33% (4/12),1,2,38% (6/16),68% (13/19),41,52,0,0,0,0,16,14,0,6,,,0.86,0.61,0.07,-1.04,1,1,17,10,21,24,14,16,1,0,60% (27/45),34% (12/35),81% (128/159),55% (27/49),90% (581/644),80% (278/349),64%,36%,0,5,8,5,3,6,7,5,4,1,24,17,11,11,0.96,0.07,0.07,0.96
0bi7ZdNs,1,1,24,30,1.03,0.32,3,3,2,5,15% (2/13),24% (4/17),1,2,64% (16/25),46% (6/13),60,44,0,0,0,1,9,16,0,1,1,1,1.52,0.67,0.09,-1.78,4,3,5,3,24,25,16,9,0,0,41% (26/63),54% (22/41),62% (62/100),64% (64/100),76% (279/366),83% (335/406),47%,53%,3,1,7,4,6,3,5,4,5,2,25,13,13,7,1.22,1.09,1.09,1.22
MBSHcUAN,0,1,24,31,0.79,0.58,11,6,2,3,22% (5/23),13% (2/15),1,4,48% (10/21),33% (6/18),61,51,0,0,2,0,7,6,1,3,,,1.02,1.28,0.03,0.60,1,2,2,17,22,21,6,7,0,1,60% (24/40),39% (27/70),77% (140/183),56% (53/94),84% (490/580),69% (194/282),67%,33%,7,5,12,7,5,4,5,4,5,2,45,18,17,11,1.60,1.03,1.03,1.60
QqZ8ajtB,1,1,16,28,1.26,0.20,6,4,1,2,21% (4/19),29% (2/7),2,5,50% (7/14),59% (10/17),47,53,2,0,0,0,15,13,1,4,,,1.44,0.50,-0.02,0.96,0,1,4,13,20,12,13,15,1,0,50% (22/44),50% (26/52),82% (113/138),65% (53/82),88% (434/495),78% (227/292),63%,37%,6,4,12,5,6,4,7,2,5,3,31,16,18,9,0.96,0.98,0.98,0.96
QJkIQSvA,0,0,28,20,0.56,1.20,4,7,2,2,18% (3/17),29% (10/34),2,2,82% (9/11),70% (7/10),37,49,0,0,1,0,14,8,1,3,,,0.28,0.94,0.48,0.15,0,0,8,8,14,12,8,14,1,1,35% (18/52),65% (22/34),58% (43/74),83% (163/196),78% (235/303),92% (563/614),33%,67%,2,4,6,9,0,3,2,6,2,2,14,24,6,12,0.15,0.48,0.48,0.15
YVDiA7fT,0,0,33,27,0.54,2.27,4,9,1,1,20% (5/25),42% (11/26),3,0,42% (5/12),44% (7/16),46,48,0,0,2,0,8,14,1,0,,,0.34,2.10,0.85,0.00,0,4,6,4,19,10,14,8,0,0,38% (18/48),33% (15/46),77% (94/122),75% (109/146),81% (259/321),84% (416/494),40%,60%,3,8,1,14,5,1,3,4,0,3,14,36,6,15,0.00,0.85,0.85,0.00
IsEmh8Yp,0,1,42,16,0.34,1.18,3,9,3,2,9% (1/11),24% (7/29),6,0,53% (9/17),64% (9/14),45,36,0,0,1,0,7,10,0,1,,,1.59,1.52,0.60,-0.76,2,3,11,8,13,21,10,7,0,1,49% (27/55),45% (22/49),76% (75/99),71% (91/129),84% (374/443),87% (446/513),46%,54%,2,5,4,10,2,5,2,5,2,5,11,33,6,15,1.24,0.60,0.60,1.24
dQISFBQi,0,0,13,31,0.91,0.43,7,3,1,5,24% (5/21),13% (1/8),1,4,80% (8/10),44% (7/16),46,52,0,0,1,1,6,11,8,3,,,1.43,0.38,0.09,0.12,5,0,7,10,21,16,11,6,1,1,31% (18/58),41% (22/54),54% (51/94),50% (38/76),77% (311/402),81% (388/477),46%,54%,1,2,10,5,4,3,8,5,5,1,22,7,14,8,1.12,0.09,0.09,1.12
4jMzEke4,1,0,13,41,3.15,0.22,9,1,1,2,26% (9/34),0% (0/7),1,8,57% (4/7),37% (7/19),52,46,0,0,0,0,8,10,1,2,,,3.18,0.40,-0.92,1.17,3,0,8,9,25,12,10,8,2,0,53% (26/49),20% (12/60),86% (304/355),62% (51/82),87% (635/728),69% (191/275),73%,27%,13,2,20,5,12,2,8,4,11,1,78,15,32,7,2.17,0.08,0.08,2.17
xb9N4oIj,1,0,35,36,0.57,0.99,3,4,3,3,39% (7/18),13% (2/15),1,5,73% (11/15),58% (7/12),59,47,0,0,1,1,8,15,0,2,,,1.71,0.61,0.04,0.65,3,2,11,9,25,12,15,8,0,1,37% (21/57),30% (15/50),65% (85/131),58% (55/95),80% (365/456),75% (255/339),57%,43%,1,2,10,5,3,1,5,2,7,2,18,16,13,6,2.65,1.04,1.04,2.65
Uid9SlAc,0,0,15,43,1.43,0.58,11,5,5,3,23% (10/43),30% (6/20),2,5,79% (15/19),48% (12/25),69,67,1,0,0,0,12,17,1,1,1,0,1.45,2.84,0.54,0.59,3,4,7,19,18,12,17,12,0,0,58% (21/36),49% (24/49),75% (133/177),63% (45/71),83% (401/481),75% (230/306),62%,38%,4,6,15,17,6,0,11,7,6,4,52,28,21,17,1.59,2.54,2.54,1.59
Q5AqCTPG,2,0,27,19,0.86,0.92,1,6,2,3,40% (4/10),10% (2/20),1,5,50% (12/24),85% (11/13),46,39,0,0,1,0,13,8,6,1,,,2.27,0.45,0.31,-0.25,6,0,12,9,16,13,8,13,1,0,57% (26/46),52% (15/29),70% (77/110),83% (202/242),79% (240/302),90% (581/646),32%,68%,0,3,10,5,1,2,4,3,7,1,21,35,11,7,1.75,0.31,0.31,1.75
SC5rmMjl,0,1,15,23,0.71,0.36,3,0,2,2,20% (3/15),0% (0/9),0,4,55% (6/11),70% (7/10),33,35,0,0,2,0,10,9,2,1,,,0.57,0.31,0.00,0.68,1,0,7,8,15,17,9,10,2,1,35% (12/34),44% (20/45),77% (122/158),84% (102/122),86% (396/459),89% (453/509),48%,52%,4,3,6,2,3,6,1,5,4,0,24,11,9,8,0.68,0.00,0.00,0.68
AZ3Bject,0,2,25,13,0.12,1.91,2,6,2,0,0% (0/7),35% (9/26),6,0,63% (10/16),84% (16/19),42,65,0,0,2,0,9,8,3,0,,,0.24,2.54,0.40,-0.12,0,5,7,6,16,16,8,9,0,2,36% (20/55),53% (17/32),73% (64/88),78% (131/167),76% (240/315),88% (519/593),35%,65%,5,7,6,21,1,9,1,13,1,10,9,43,7,30,0.88,2.40,2.40,0.88
d4sh3Ytn,2,1,32,33,1.67,0.72,8,4,3,2,26% (9/35),33% (4/12),3,3,79% (11/14),41% (7/17),53,52,1,0,3,0,11,10,1,0,1,0,2.43,1.89,-0.78,-1.12,3,3,9,16,16,15,10,11,0,0,53% (25/47),44% (24/54),82% (105/128),61% (69/114),86% (471/545),77% (256/334),62%,38%,4,3,15,12,3,2,6,5,8,6,37,26,18,14,2.88,2.22,2.22,2.88
Ovaio0L0,0,1,35,15,0.99,1.03,3,7,3,3,25% (3/12),24% (5/21),2,0,47% (8/17),67% (16/24),50,73,0,0,0,1,19,10,4,0,1,0,1.26,1.24,-0.22,-1.53,1,2,10,5,19,25,10,19,0,1,20% (9/45),35% (22/62),55% (46/84),59% (52/88),75% (240/321),77% (336/434),42%,58%,5,5,5,11,6,5,3,7,3,4,14,29,11,16,1.47,1.78,1.78,1.47
W42aqvjD,4,0,22,26,1.50,0.60,7,4,2,1,18% (4/22),15% (2/13),3,3,38% (3/8),86% (6/7),42,41,0,0,0,3,13,13,1,1,1,0,3.25,1.72,1.00,0.17,5,2,8,10,14,11,13,13,2,0,46% (30/65),38% (21/56),77% (99/129),58% (59/101),84% (328/392),81% (314/389),51%,49%,5,4,14,7,4,4,7,4,6,3,42,21,18,11,3.17,1.00,1.00,3.17
r1HIlZRh,0,1,31,21,0.93,0.94,3,5,2,0,27% (3/11),25% (4/16),4,5,30% (6/20),57% (8/14),36,38,0,0,0,0,8,3,2,0,,,1.50,1.74,0.76,1.59,3,3,4,9,17,18,3,8,2,1,27% (12/44),54% (19/35),63% (60/95),75% (100/133),80% (297/369),88% (470/537),41%,59%,4,5,9,11,2,4,2,7,5,3,21,37,11,15,1.59,0.76,0.76,1.59
vTARnDd5,1,0,42,24,0.71,0.61,2,7,3,3,26% (5/19),23% (7/30),3,1,47% (8/17),56% (9/16),69,57,0,0,1,0,13,15,0,0,,,0.89,0.73,0.71,-0.06,2,1,6,5,12,8,15,13,0,0,39% (12/31),46% (24/52),69% (69/100),71% (83/117),81% (296/364),85% (367/434),45%,55%,3,3,9,9,4,4,8,6,2,4,30,28,13,13,0.94,1.71,1.71,0.94
Ct9ZpiRH,0,2,28,30,1.31,0.85,2,11,3,3,21% (4/19),18% (4/22),4,3,63% (10/16),69% (9/13),52,41,0,0,0,0,11,6,1,2,1,0,1.20,2.39,0.93,-0.24,0,4,9,8,15,11,6,11,0,1,60% (24/40),47% (27/58),82% (159/195),69% (72/105),88% (503/572),85% (392/459),55%,45%,8,3,9,11,7,3,3,5,5,6,34,25,16,14,1.76,1.93,1.93,1.76
882rqVeU,1,1,7,24,1.66,1.24,6,2,1,6,46% (6/13),33% (3/9),2,3,79% (11/14),55% (12/22),59,38,0,0,0,3,6,16,2,3,,,2.55,1.15,0.10,0.71,7,5,19,20,19,22,16,6,2,3,53% (23/43),34% (18/53),79% (147/186),50% (30/60),87% (530/608),78% (313/399),60%,40%,6,0,16,5,5,1,9,3,6,3,53,15,21,6,1.71,1.10,1.10,1.71
IJV01CBb,0,1,33,32,0.40,0.64,6,5,3,0,11% (2/19),18% (5/28),3,3,68% (19/28),60% (9/15),66,52,0,0,0,1,15,9,1,0,0,1,0.95,1.38,0.28,0.37,3,1,7,6,23,27,9,15,0,0,30% (19/63),36% (19/53),65% (82/127),77% (128/167),77% (290/379),81% (337/418),47%,53%,5,4,11,7,3,6,6,4,3,5,17,26,14,13,0.37,2.28,2.28,0.37
lMp9YMye,1,0,6,23,0.76,0.58,8,2,3,3,33% (5/15),50% (2/4),2,2,75% (18/24),50% (10/20),57,39,0,0,0,2,12,14,2,2,,,1.02,1.85,0.90,0.23,0,3,9,14,10,21,14,12,1,1,61% (22/36),43% (15/35),74% (126/171),72% (57/79),87% (504/580),83% (363/436),57%,43%,5,1,12,8,2,0,6,4,3,3,35,16,14,8,1.23,1.90,1.90,1.23
byvxt5qL,1,1,40,24,0.38,1.24,3,8,1,1,8% (1/13),4% (1/23),0,0,60% (9/15),71% (5/7),37,30,2,0,0,0,11,4,2,4,,,0.74,1.37,-0.79,-0.79,1,3,10,5,17,27,4,11,0,1,30% (14/46),53% (26/49),67% (69/103),77% (164/214),84% (386/462),88% (563/639),42%,58%,3,3,5,7,3,3,3,5,2,2,15,33,8,10,1.21,1.21,1.21,1.21
QNuUsRE8,0,0,22,24,0.91,1.32,4,5,0,2,37% (10/27),50% (6/12),3,4,63% (15/24),50% (8/16),73,54,1,0,1,2,9,8,0,2,2,1,0.88,2.65,-0.90,-0.83,1,6,7,10,21,19,8,9,0,4,46% (24/52),28% (21/74),73% (98/135),55% (57/104),79% (286/364),78% (355/455),45%,55%,5,2,11,9,3,2,3,2,6,7,31,23,14,11,1.17,3.10,3.10,1.17
AyZHW067,1,0,35,45,1.99,1.13,8,6,1,3,23% (7/31),13% (2/15),1,5,56% (9/16),39% (11/28),62,57,0,0,0,0,5,12,5,2,1,0,2.08,0.70,0.04,0.65,5,1,7,11,16,17,12,5,2,3,48% (25/52),25% (11/44),65% (84/129),58% (74/127),83% (408/494),69% (239/344),59%,41%,2,5,11,9,1,2,3,5,7,1,35,26,12,11,2.65,0.04,0.04,2.65
xrR3f4bE,0,1,33,27,0.85,0.56,3,5,2,3,30% (7/23),19% (4/21),2,3,80% (12/15),76% (13/17),51,60,0,0,1,1,9,6,4,2,,,1.19,0.44,0.62,0.16,2,0,8,9,22,20,6,9,0,0,52% (26/50),41% (20/49),74% (92/125),57% (53/93),79% (284/361),77% (294/382),49%,51%,2,3,9,9,4,1,6,4,5,3,33,20,13,10,1.16,1.62,1.62,1.16
tds1zq7r,1,1,23,38,0.83,0.86,6,4,0,1,15% (3/20),20% (2/10),1,2,56% (10/18),60% (15/25),54,55,0,0,0,0,9,9,1,3,,,0.90,1.59,-0.61,0.52,1,3,17,8,20,16,9,9,0,1,34% (21/61),37% (23/63),59% (72/123),58% (69/118),73% (312/425),79% (419/529),45%,55%,2,5,8,9,3,6,6,8,3,2,25,22,11,15,1.52,0.39,0.39,1.52
0M7yxyRk,0,0,37,30,0.45,0.67,7,5,3,1,18% (4/22),15% (3/20),2,1,75% (12/16),44% (11/25),48,65,0,1,1,1,13,8,1,1,,,1.44,1.13,-1.27,-0.91,1,2,4,7,14,13,8,13,0,2,39% (22/57),35% (18/51),65% (70/107),71% (97/137),76% (259/339),80% (368/462),43%,57%,5,4,5,7,10,5,7,3,3,5,13,28,15,12,1.09,1.73,1.73,1.09
8nBqzFe2,1,1,25,21,0.98,0.28,4,4,0,4,36% (4/11),6% (1/16),2,2,59% (10/17),52% (13/25),59,53,0,1,0,1,7,17,3,1,,,1.45,0.30,0.16,-1.28,2,0,6,3,13,22,17,7,0,0,53% (17/32),50% (21/42),78% (91/117),69% (65/94),90% (546/608),82% (325/396),60%,40%,4,0,9,4,6,1,7,2,4,3,26,12,15,5,0.72,0.16,0.16,0.72
WtKChrTQ,0,0,34,15,0.92,0.78,6,7,1,0,31% (5/16),25% (7/28),0,5,52% (12/23),63% (17/27),54,58,0,0,0,0,11,10,1,1,,,1.87,0.25,0.00,-0.85,3,0,9,6,27,16,10,11,0,2,33% (12/36),62% (26/42),69% (44/64),72% (130/180),78% (234/301),88% (546/624),33%,67%,0,0,8,4,3,2,3,6,8,0,14,25,11,6,2.15,0.00,0.00,2.15
GlW4sc3S,0,0,12,28,1.01,0.51,4,4,1,2,13% (2/16),0% (0/9),4,1,50% (9/18),42% (8/19),49,43,0,1,2,1,10,20,1,4,,,1.59,0.89,0.67,-1.55,2,2,11,14,17,8,20,10,0,1,53% (16/30),42% (20/48),80% (189/237),53% (21/40),90% (579/645),71% (170/239),73%,27%,4,2,5,6,6,4,3,3,4,5,46,13,11,10,1.45,1.67,1.67,1.45
EqdmT6rI,0,0,20,33,1.32,0.65,3,1,1,2,20% (4/20),9% (1/11),2,2,67% (12/18),72% (13/18),48,53,0,0,0,1,8,10,4,0,,,0.92,0.86,0.89,0.28,1,0,9,10,18,16,10,8,0,0,41% (24/58),37% (24/65),67% (97/145),68% (76/112),83% (426/515),79% (324/412),56%,44%,2,4,4,7,3,2,3,2,2,3,20,18,7,9,0.28,0.89,0.89,0.28
SEKlou43,0,1,31,21,0.53,1.64,3,5,1,1,33% (3/9),29% (6/21),4,4,83% (15/18),74% (17/23),47,57,0,0,0,1,9,6,0,1,,,0.88,2.24,0.75,0.62,2,5,17,12,19,24,6,9,1,1,42% (22/52),42% (21/50),53% (58/110),81% (156/192),73% (221/304),86% (548/640),32%,68%,2,5,7,12,3,2,4,5,4,4,22,52,10,14,0.62,0.75,0.75,0.62
844FWukA,1,1,29,35,0.81,1.22,6,3,0,5,8% (1/12),37% (7/19),4,1,64% (9/14),56% (9/16),46,51,0,0,1,0,7,10,5,1,1,0,1.93,1.76,0.57,0.37,3,3,9,9,15,17,10,7,0,0,39% (22/57),54% (30/56),59% (68/115),71% (104/147),77% (299/388),86% (502/586),40%,60%,4,6,9,12,2,5,5,6,2,5,37,31,11,17,1.37,1.57,1.57,1.37
UJhOUJJM,0,0,21,37,1.51,0.14,8,3,0,2,16% (4/25),30% (3/10),2,4,38% (3/8),56% (10/18),53,58,0,0,1,1,10,8,6,1,,,2.07,0.69,0.97,0.77,2,1,6,11,21,18,8,10,2,0,40% (16/40),30% (18/60),84% (215/255),41% (34/82),86% (549/636),66% (194/295),68%,32%,8,1,11,3,8,1,7,1,4,2,35,11,19,4,0.77,0.97,0.97,0.77
Kp3vVSD5,0,2,17,17,1.52,0.39,3,3,2,3,42% (5/12),8% (1/12),2,3,41% (7/17),30% (3/10),38,44,0,2,1,1,18,9,4,0,,,3.05,2.51,0.64,-1.28,6,5,8,3,8,17,9,18,1,0,61% (17/28),55% (21/38),76% (101/133),79% (46/58),86% (302/351),87% (362/416),46%,54%,7,4,17,9,5,2,8,4,7,3,38,21,22,11,2.72,1.64,1.64,2.72
vgvfPcsp,1,0,16,28,0.70,0.56,8,4,0,2,27% (6/22),29% (4/14),3,5,67% (14/21),45% (9/20),48,55,0,1,0,0,9,12,3,1,0,1,0.84,1.16,0.02,-0.27,2,2,4,10,19,14,12,9,0,0,59% (26/44),44% (18/41),77% (89/116),80% (81/101),89% (450/506),84% (335/397),56%,44%,4,2,10,8,5,3,5,5,6,4,21,23,15,11,0.73,1.02,1.02,0.73
pWIKAbSj,1,0,27,36,0.80,0.80,3,4,2,1,8% (1/12),21% (4/19),4,2,67% (14/21),53% (10/19),51,57,2,0,1,2,9,3,1,2,,,1.09,2.32,-0.52,-0.60,2,7,11,11,17,16,3,9,0,1,31% (16/52),40% (19/47),71% (84/118),71% (65/91),79% (349/439),83% (389/467),48%,52%,3,6,8,13,7,7,8,5,4,9,27,23,15,20,0.40,2.48,2.48,0.40
0v17Y1Kc,1,0,29,41,1.77,0.75,12,3,1,1,31% (8/26),19% (3/16),4,2,53% (9/17),75% (12/16),66,45,0,0,0,0,5,12,0,1,,,2.31,3.14,0.02,0.16,2,6,8,17,17,13,12,5,0,0,46% (21/46),32% (17/53),79% (174/219),64% (63/99),86% (483/563),73% (197/269),67%,33%,8,4,15,12,2,5,6,7,3,6,52,23,17,17,2.16,2.02,2.02,2.16
zLX2NyCd,0,0,12,53,2.37,0.92,9,2,1,0,17% (9/52),29% (2/7),1,6,67% (14/21),48% (11/23),58,63,0,0,0,0,11,9,0,0,,,1.55,1.26,-1.15,0.94,1,3,5,9,23,14,9,11,0,2,56% (19/34),38% (26/68),88% (245/277),70% (56/80),90% (600/665),74% (223/301),70%,30%,7,4,12,7,9,4,8,4,6,3,42,18,21,11,0.94,0.85,0.85,0.94
OtEcqJYF,0,1,27,24,0.51,0.40,5,5,3,5,13% (2/16),4% (1/23),5,2,52% (14/27),77% (10/13),58,50,1,1,1,0,11,18,1,1,,,2.06,2.94,0.70,-0.05,4,4,9,16,14,16,18,11,1,0,46% (31/67),58% (21/36),70% (67/96),73% (112/154),75% (251/335),86% (466/541),38%,62%,3,4,10,8,0,8,3,6,4,6,21,31,10,16,1.95,2.70,2.70,1.95
Qm9dKBam,0,1,23,50,1.71,0.68,3,2,3,2,15% (4/27),25% (3/12),3,2,69% (11/16),50% (10/20),48,65,0,0,1,1,7,5,1,3,0,1,1.47,0.89,0.02,0.11,2,1,7,6,21,20,5,7,1,0,43% (26/60),41% (28/69),67% (122/182),57% (52/91),79% (431/544),69% (236/340),62%,38%,5,1,9,5,6,3,8,3,2,4,35,18,15,8,0.11,1.02,1.02,0.11
j5BNYAEt,1,0,42,20,0.73,2.18,3,9,1,0,21% (3/14),26% (7/27),4,2,57% (8/14),57% (8/14),46,52,0,0,0,0,7,9,4,3,,,0.70,2.16,0.22,-0.49,2,4,5,6,19,13,9,7,2,1,54% (25/46),42% (21/50),78% (72/92),68% (87/128),82% (322/393),84% (433/513),43%,57%,2,6,8,11,0,6,3,5,3,6,21,42,8,17,0.51,1.22,1.22,0.51
f5IQPXyQ,0,0,6,28,1.12,0.70,6,7,5,3,14% (4/29),13% (1/8),6,2,73% (19/26),25% (2/8),51,37,1,0,0,1,16,8,0,0,0,1,2.15,1.19,0.95,0.43,2,5,9,4,6,13,8,16,0,2,62% (28/45),45% (19/42),78% (143/183),65% (41/63),89% (469/528),80% (257/321),63%,37%,7,2,8,7,6,4,4,1,3,8,42,19,14,11,1.43,2.95,2.95,1.43
CpqN5Cpf,0,1,16,28,0.91,0.55,7,2,2,3,32% (6/19),30% (3/10),2,5,43% (6/14),81% (13/16),46,47,0,1,0,2,7,13,1,1,,,3.08,0.85,0.42,0.68,4,1,9,5,20,12,13,7,0,0,35% (16/46),46% (23/50),73% (98/135),64% (56/88),84% (376/450),83% (336/407),53%,47%,10,2,21,7,3,1,8,3,6,3,57,18,24,8,1.68,1.42,1.42,1.68
8CxW3jF6,1,1,51,27,1.45,0.96,2,15,2,2,25% (2/8),8% (3/38),9,4,58% (7/12),72% (13/18),52,56,1,0,0,2,9,8,3,1,1,0,3.66,2.72,0.19,0.34,5,4,10,7,19,14,8,9,1,1,55% (35/64),44% (22/50),66% (80/121),69% (96/140),79% (311/395),77% (290/376),49%,51%,4,8,10,13,5,7,4,2,7,10,32,40,15,20,3.34,1.19,1.19,3.34
E9uv2UqJ,0,0,39,48,0.73,0.82,6,5,1,2,6% (1/16),11% (2/18),6,0,55% (12/22),56% (14/25),69,69,0,0,0,1,8,8,2,3,,,1.41,0.85,1.54,0.00,1,1,4,11,27,12,8,8,1,0,44% (27/62),34% (22/64),66% (92/139),68% (79/117),77% (359/466),78% (307/394),54%,46%,7,3,9,10,7,5,9,6,0,6,28,24,16,15,0.00,1.54,1.54,0.00
MF25IkUa,1,0,21,24,1.51,0.41,6,4,0,1,38% (8/21),13% (2/15),3,2,84% (16/19),63% (10/16),66,41,0,0,0,0,5,13,1,0,,,1.55,1.07,0.17,-0.36,1,1,9,8,12,16,13,5,2,0,40% (18/45),32% (17/53),83% (210/252),59% (55/94),88% (581/660),77% (252/327),67%,33%,3,1,11,4,3,5,7,4,4,4,41,13,14,9,1.64,1.17,1.17,1.64
CKaWWlqg,0,0,25,34,0.68,1.44,5,4,1,3,12% (2/17),42% (10/24),4,2,59% (17/29),31% (5/16),61,46,1,0,0,0,8,8,7,2,0,1,0.91,1.63,0.37,0.21,1,1,9,12,19,24,8,8,0,0,44% (23/52),52% (22/42),74% (93/125),79% (123/156),82% (330/404),86% (439/508),44%,56%,5,6,7,11,4,6,4,6,2,5,27,35,11,17,0.21,1.37,1.37,0.21
0tWDE7TO,0,1,22,37,0.55,1.52,5,5,1,2,18% (4/22),17% (3/18),3,1,80% (12/15),57% (8/14),46,42,0,0,1,0,5,13,1,1,,,0.55,1.45,-0.54,-0.42,1,1,8,4,17,16,13,5,0,3,49% (33/67),47% (15/32),67% (65/97),84% (159/189),75% (219/293),90% (536/595),34%,66%,3,7,5,9,2,7,2,4,2,5,12,33,7,16,0.58,1.46,1.46,0.58
fT0DGTbC,1,1,45,13,0.46,0.95,2,11,2,1,38% (3/8),15% (7/46),3,3,40% (8/20),50% (7/14),45,52,0,0,0,2,9,5,0,1,,,1.27,1.18,0.96,-0.04,1,1,18,6,20,16,5,9,0,1,25% (11/44),50% (18/36),70% (44/63),78% (186/239),77% (252/328),87% (548/627),33%,67%,0,7,8,14,2,2,6,6,4,3,15,44,10,16,0.96,0.96,0.96,0.96
QPr9bewR,0,0,29,16,0.48,0.53,1,5,5,4,57% (4/7),9% (2/23),2,0,62% (13/21),50% (5/10),55,35,0,0,1,1,5,9,2,2,,,1.50,0.67,0.08,-0.25,2,0,10,8,18,22,9,5,0,0,42% (27/65),43% (28/65),68% (69/101),71% (96/136),80% (396/495),85% (417/490),50%,50%,6,4,8,6,3,6,4,6,1,2,24,21,11,12,0.75,0.08,0.08,0.75
OtdbtdHr,1,0,22,21,0.22,1.06,5,5,1,2,14% (1/7),15% (4/26),5,2,56% (10/18),54% (14/26),45,58,1,0,1,1,11,14,3,1,,,1.55,1.34,-0.15,-0.38,2,3,7,9,8,19,14,11,0,2,33% (16/48),54% (22/41),63% (37/59),77% (101/131),80% (281/351),86% (396/460),43%,57%,5,3,8,5,4,10,3,6,4,6,20,34,12,15,1.62,0.85,0.85,1.62
hCp10H8E,0,2,23,32,0.15,0.80,2,3,2,2,14% (2/14),17% (2/12),0,1,50% (13/26),64% (9/14),57,47,0,0,0,0,4,5,0,1,,,0.20,2.01,-0.15,0.18,0,3,8,7,19,17,5,4,0,0,31% (19/61),44% (23/52),47% (43/92),81% (125/155),74% (250/339),88% (573/654),35%,65%,2,2,4,12,1,1,2,9,1,2,13,43,5,13,0.00,0.85,0.85,0.18
pAPugZ0l,0,1,29,58,1.39,0.85,9,5,1,3,27% (6/22),13% (2/16),2,2,73% (11/15),59% (13/22),58,55,0,1,0,0,5,10,2,3,1,0,2.68,1.57,-0.10,-0.83,4,2,7,6,34,8,10,5,0,1,40% (19/48),31% (14/45),56% (50/90),69% (61/89),82% (327/400),78% (284/362),53%,47%,5,3,14,5,6,4,7,3,8,3,37,19,20,9,3.17,0.90,0.90,3.17
Kn4rDfhK,1,0,33,22,0.37,0.88,2,6,5,3,20% (4/20),22% (5/23),2,4,64% (7/11),100% (4/4),31,38,1,0,0,1,9,7,1,6,0,1,1.06,0.66,-0.72,0.15,2,2,7,7,14,27,7,9,0,0,32% (17/53),51% (23/45),68% (70/103),84% (200/238),76% (246/322),88% (542/614),35%,65%,7,3,11,7,4,1,4,1,4,4,20,30,15,8,1.15,1.28,1.28,1.15
pdp7vzne,0,0,31,38,1.48,0.42,5,3,1,1,27% (6/22),25% (2/8),0,0,71% (15/21),67% (10/15),54,47,0,1,0,1,11,11,2,2,0,1,1.41,0.38,-0.06,-0.64,3,1,8,10,26,18,11,11,1,0,32% (18/57),41% (30/74),69% (134/194),50% (44/88),80% (404/506),66% (178/269),66%,34%,3,2,11,1,5,3,12,1,1,1,37,16,16,4,0.36,0.94,0.94,0.36
hMmFxEG7,0,1,30,22,1.07,1.14,3,4,2,2,38% (8/21),36% (5/14),6,4,67% (8/12),60% (15/25),59,57,0,0,1,0,11,15,1,1,,,1.12,1.39,0.63,0.23,0,2,7,9,22,17,15,11,0,1,40% (17/42),41% (24/58),74% (98/132),64% (64/100),83% (364/441),76% (255/334),57%,43%,5,4,7,9,9,5,7,4,4,6,37,26,16,14,0.23,0.63,0.63,0.23
hzTmiDV0,0,0,9,13,1.89,0.55,6,0,1,1,29% (6/21),100% (1/1),4,5,58% (7/12),63% (15/24),37,50,0,1,1,1,16,10,1,2,,,2.10,0.98,0.82,-0.19,8,2,9,12,12,14,10,16,3,1,73% (24/33),37% (17/46),86% (185/215),48% (25/52),92% (693/750),80% (314/391),66%,34%,2,0,14,5,3,2,7,4,8,3,40,12,17,7,2.81,0.82,0.82,2.81
vXpF7YFs,0,0,37,36,0.35,1.71,3,4,2,4,18% (4/22),45% (10/22),4,2,56% (9/16),50% (6/12),53,47,1,0,0,2,12,15,2,2,,,1.27,1.28,-0.27,0.99,2,4,9,16,21,22,15,12,0,0,44% (21/48),41% (20/49),60% (67/112),63% (63/100),78% (281/358),83% (400/481),43%,57%,6,0,6,7,3,0,1,1,2,6,22,28,9,7,0.99,1.73,1.73,0.99
EkHdki0D,0,0,19,24,1.41,0.45,6,4,3,6,29% (8/28),13% (2/16),2,3,62% (8/13),82% (9/11),48,46,0,0,0,0,13,14,2,0,,,2.30,1.22,-0.56,0.32,7,1,14,13,19,14,14,13,1,0,37% (16/43),25% (14/55),68% (74/109),79% (87/110),77% (278/361),81% (351/433),47%,53%,0,4,9,10,2,3,6,5,5,4,21,26,11,13,2.32,1.44,1.44,2.32
n1p7rqmT,1,0,47,29,1.54,0.58,5,4,2,3,29% (6/21),18% (3/17),5,5,50% (8/16),57% (8/14),57,63,0,2,0,0,15,12,0,1,2,0,3.40,1.94,-0.70,-0.64,2,6,3,8,19,20,12,15,1,0,36% (16/45),27% (15/55),71% (100/141),61% (76/125),79% (310/393),67% (202/300),57%,43%,10,0,18,9,7,5,6,5,9,9,49,24,25,14,3.36,3.30,3.30,3.36
0pMPV53N,0,0,44,43,0.22,1.29,0,3,,,6% (1/18),26% (6/23),3,1,75% (9/12),53% (8/15),53,57,0,0,0,0,8,9,2,0,0,1,0.72,1.51,0.67,-0.16,1,2,8,7,25,21,9,8,0,0,43% (33/77),35% (18/52),65% (76/117),64% (77/120),81% (403/497),75% (271/361),57%,43%,1,8,4,11,3,7,4,6,2,4,14,31,7,18,0.84,1.67,1.67,0.84
ILhjnRm4,2,0,20,39,0.90,0.35,2,2,2,0,14% (2/14),33% (3/9),3,4,74% (17/23),43% (6/14),45,53,0,0,0,2,9,6,3,2,0,1,1.88,1.19,-1.25,1.07,1,2,6,8,19,11,6,9,3,0,38% (21/56),45% (20/44),55% (48/87),70% (86/123),76% (284/375),86% (516/598),39%,61%,6,0,12,5,4,2,6,1,4,6,33,13,16,7,1.07,1.75,1.75,1.07
6oRwwNAj,1,0,23,17,1.63,0.60,3,3,1,3,33% (5/15),16% (3/19),1,3,53% (9/17),67% (20/30),48,61,0,1,0,0,9,13,4,1,,,2.31,0.33,0.52,-0.99,4,0,12,11,22,24,13,9,0,0,50% (23/46),41% (18/44),72% (80/111),69% (82/118),82% (320/392),80% (335/420),48%,52%,2,4,10,5,5,1,7,1,6,1,24,13,15,6,2.01,0.52,0.52,2.01
buEP0Q2c,0,0,29,53,0.42,0.56,3,6,5,4,14% (2/14),8% (2/26),2,1,70% (7/10),63% (5/8),54,53,0,0,0,0,10,10,0,0,,,0.30,0.24,0.29,0.24,1,0,11,3,19,22,10,10,0,0,30% (18/61),52% (32/62),64% (99/154),71% (87/122),77% (302/394),85% (377/444),47%,53%,2,3,3,2,2,4,2,1,1,2,15,14,5,6,0.24,0.29,0.29,0.24
IsUQb4X9,0,0,14,13,0.23,0.67,5,3,1,2,0% (0/13),27% (3/11),2,1,59% (10/17),77% (17/22),45,66,0,1,1,1,18,13,1,1,,,1.02,0.63,-1.03,-1.28,2,1,9,6,18,12,13,18,0,0,41% (16/39),61% (27/44),64% (62/97),79% (100/126),84% (324/386),89% (503/566),41%,59%,3,1,7,4,3,3,4,2,3,4,19,12,10,7,0.72,0.97,0.97,0.72
4ISGXRYA,1,0,21,54,0.97,0.39,8,0,0,4,20% (6/30),50% (4/8),1,2,60% (3/5),63% (5/8),51,33,0,0,0,1,7,15,1,1,0,1,1.38,0.31,-0.38,0.28,3,1,8,5,20,12,15,7,2,0,39% (11/28),33% (21/63),79% (172/219),46% (34/74),87% (500/572),69% (180/261),69%,31%,3,1,12,3,4,0,11,0,2,2,41,14,16,3,0.28,0.62,0.62,0.28
dG7eQqRp,0,0,10,38,0.81,1.46,10,4,1,2,18% (3/17),27% (4/15),1,6,69% (9/13),55% (12/22),40,52,1,0,1,1,8,8,1,0,0,1,2.45,2.23,0.59,0.70,5,2,9,12,23,19,8,8,1,2,46% (22/48),36% (18/50),66% (115/173),67% (58/86),83% (444/536),82% (393/479),53%,47%,4,0,10,6,6,0,4,2,8,4,25,15,16,6,2.70,3.59,3.59,2.70
COkrlmJi,0,1,32,12,1.13,0.54,4,7,1,0,30% (3/10),22% (5/23),2,3,53% (8/15),36% (8/22),45,55,0,0,0,1,13,11,0,1,,,2.20,1.03,0.73,-0.79,5,3,11,8,8,21,11,13,1,0,50% (22/44),49% (25/51),74% (81/110),74% (86/117),88% (473/537),82% (306/373),58%,42%,3,4,11,9,6,2,9,5,5,2,24,23,17,11,1.21,0.73,0.73,1.21
vysap5IG,0,1,31,6,1.23,1.14,2,2,1,2,40% (2/5),22% (4/18),1,2,55% (12/22),54% (7/13),70,36,0,0,0,0,8,15,2,0,1,0,1.89,1.90,0.62,-0.78,3,3,8,6,9,7,15,8,0,2,51% (29/57),55% (28/51),76% (98/129),79% (120/152),86% (448/519),89% (470/526),49%,51%,6,6,10,11,8,3,8,7,4,1,38,28,18,14,1.22,0.62,0.62,1.22
WjF9Zm4b,0,0,24,27,0.53,1.86,1,9,3,2,24% (6/25),21% (3/14),4,1,46% (12/26),56% (9/16),71,63,1,0,0,1,17,12,2,3,,,0.41,4.24,-0.60,0.17,1,8,13,7,19,23,12,17,0,5,44% (26/59),42% (20/48),61% (68/112),77% (117/151),71% (208/294),85% (458/541),37%,63%,3,14,4,20,4,7,3,3,2,10,21,42,8,27,1.17,3.40,3.40,1.17
l8cJOWkt,0,0,23,28,0.89,0.86,6,4,,,37% (7/19),23% (3/13),3,3,58% (7/12),70% (14/20),44,38,0,0,0,0,5,8,3,2,0,1,0.76,1.66,0.06,0.34,2,4,8,9,25,14,8,5,0,1,45% (23/51),44% (21/48),70% (99/141),73% (65/89),87% (556/640),83% (303/367),63%,37%,3,5,9,9,3,2,5,1,4,5,26,18,12,11,1.34,2.06,2.06,1.34
z1s3Mt9C,1,0,13,41,1.32,0.59,10,6,2,2,33% (13/39),27% (3/11),4,4,58% (7/12),50% (7/14),40,51,1,0,2,0,12,8,1,1,,,1.87,1.15,0.58,0.06,3,3,9,13,16,13,8,12,0,1,73% (19/26),28% (15/54),78% (177/227),62% (49/79),88% (515/586),73% (203/277),68%,32%,10,3,15,12,7,2,8,6,4,5,44,24,22,14,1.06,1.58,1.58,1.06
dY0RMAKh,0,1,19,28,0.43,0.77,5,4,3,3,29% (4/14),35% (6/17),4,2,67% (6/9),53% (9/17),43,55,1,0,0,0,14,14,2,2,,,1.50,1.91,0.69,-0.93,2,4,10,5,23,15,14,14,0,0,28% (14/50),33% (16/48),62% (75/121),79% (129/164),80% (321/402),83% (418/503),45%,55%,2,4,9,12,3,4,5,5,5,7,19,27,12,16,2.07,3.69,3.69,2.07
GbR1O2v0,0,1,23,26,0.30,0.75,5,0,0,2,9% (1/11),36% (5/14),4,5,71% (12/17),53% (9/17),54,61,0,0,0,0,15,13,4,0,,,1.42,0.92,0.64,0.75,1,0,14,10,22,20,13,15,0,0,38% (26/69),38% (21/55),55% (56/102),73% (116/158),71% (232/329),83% (430/519),39%,61%,2,1,8,6,5,5,6,6,5,4,24,20,13,11,0.75,0.64,0.64,0.75
rRpBKKwP,1,0,42,35,0.81,0.24,6,3,4,3,17% (3/18),17% (3/18),2,3,73% (11/15),63% (15/24),53,72,0,1,2,2,17,15,3,1,,,1.11,0.54,0.44,-0.20,1,1,11,6,21,29,15,17,0,0,32% (15/47),28% (14/50),61% (66/108),60% (48/80),78% (238/306),81% (357/441),41%,59%,4,2,7,6,4,1,2,2,5,3,27,12,11,7,1.80,0.44,0.44,1.80
jXgzLlk5,1,1,21,28,1.81,0.29,6,5,1,0,32% (6/19),8% (1/13),1,2,100% (8/8),65% (13/20),40,42,0,0,1,0,9,10,0,3,2,0,2.42,0.71,0.59,-0.77,3,1,4,8,25,14,10,9,2,1,43% (15/35),42% (20/48),85% (203/240),58% (32/55),90% (559/623),80% (277/347),64%,36%,5,3,15,5,3,3,7,4,6,1,42,7,18,8,2.23,0.59,0.59,2.23
OphrJSJH,2,1,27,28,1.32,0.71,9,9,2,2,4% (1/25),30% (6/20),2,6,79% (15/19),53% (8/15),54,34,0,0,1,1,9,11,3,2,,,1.77,1.60,0.26,0.36,2,3,1,7,12,13,11,9,1,1,59% (29/49),31% (18/58),84% (176/209),54% (46/85),91% (554/611),73% (188/259),69%,31%,3,3,6,5,11,4,7,3,7,3,26,19,17,9,2.36,1.26,1.26,2.36
AyR0yAZo,0,0,29,34,1.24,0.58,7,6,3,4,19% (5/26),11% (2/18),1,5,59% (10/17),67% (16/24),50,58,0,1,0,2,8,9,2,1,,,2.18,0.29,0.45,0.88,4,1,11,7,18,15,9,8,0,1,46% (24/52),40% (17/42),75% (103/138),60% (60/100),82% (329/400),79% (281/355),53%,47%,3,1,9,3,6,1,5,2,7,1,23,16,15,4,2.88,0.45,0.45,2.88
roTgQO9m,0,0,23,24,1.08,0.96,3,3,0,2,7% (1/14),25% (4/16),7,4,67% (10/15),55% (11/20),40,48,1,0,4,1,10,8,0,3,,,2.17,1.93,1.07,0.00,5,4,6,11,17,16,8,10,1,0,55% (31/56),43% (18/42),73% (92/126),76% (116/152),82% (325/397),85% (376/443),47%,53%,7,1,13,9,2,6,2,5,6,9,43,33,15,15,2.00,2.07,2.07,2.00
0OUQMk3e,1,0,17,39,1.08,0.36,6,6,2,2,16% (5/31),19% (3/16),1,3,74% (14/19),53% (8/15),47,64,0,0,0,2,13,9,3,2,,,1.79,0.79,0.06,-0.42,3,1,5,20,28,19,9,13,0,0,47% (22/47),43% (27/63),79% (147/186),55% (55/100),82% (446/547),71% (212/297),65%,35%,8,5,13,10,4,1,5,3,4,3,43,28,17,11,0.58,1.06,1.06,0.58
lWVnUXAL,0,0,32,35,0.46,1.84,4,2,1,1,33% (6/18),25% (5/20),1,2,71% (15/21),69% (11/16),51,51,0,1,0,1,10,13,3,1,1,0,2.78,0.96,-0.23,-0.47,2,1,9,3,12,23,13,10,0,3,34% (20/59),43% (15/35),51% (45/88),75% (106/141),70% (186/264),89% (608/682),29%,71%,2,5,11,11,6,3,10,7,5,2,20,33,17,14,2.53,0.77,0.77,2.53
8GCJOBYr,1,2,26,47,0.87,0.32,7,3,1,1,18% (6/34),25% (3/12),4,4,75% (9/12),47% (7/15),39,44,1,1,1,2,10,5,2,2,,,1.64,0.42,-0.55,1.00,1,1,6,9,16,15,5,10,0,2,37% (15/41),33% (24/73),83% (211/255),52% (44/85),87% (554/638),72% (218/304),68%,32%,11,1,13,4,10,5,8,2,4,6,33,16,23,9,1.00,0.45,0.45,1.00
MeC5HfRF,0,1,25,34,1.00,0.31,4,8,0,1,13% (2/15),25% (3/12),1,5,54% (14/26),63% (12/19),57,51,0,1,0,0,7,9,0,0,1,0,1.77,0.35,0.14,-0.72,4,1,6,10,17,14,9,7,2,0,45% (25/55),43% (28/65),76% (136/180),54% (44/81),84% (456/542),77% (255/333),62%,38%,4,3,10,5,5,1,4,2,7,1,28,13,15,6,1.28,0.14,0.14,1.28
EgipACJk,0,1,16,25,0.62,1.42,5,6,2,2,21% (4/19),27% (4/15),6,4,57% (13/23),57% (13/23),54,56,0,1,0,0,10,9,4,1,0,1,2.21,2.40,0.44,0.19,3,6,9,8,11,16,9,10,1,1,39% (15/38),39% (15/38),69% (87/126),61% (40/66),85% (404/473),83% (300/362),56%,44%,3,2,12,12,4,2,6,2,7,10,29,25,16,14,2.19,4.44,4.44,2.19
0Akh8jl2,1,0,42,42,0.65,1.35,3,3,,,26% (5/19),45% (5/11),2,3,54% (7/13),76% (13/17),43,55,0,0,0,1,9,8,0,3,0,1,0.95,0.59,0.28,0.46,2,2,16,11,29,20,8,9,1,0,38% (23/61),42% (22/52),63% (80/127),44% (40/90),84% (474/567),74% (309/417),58%,42%,6,0,8,3,3,0,1,0,4,3,29,22,11,3,0.46,1.28,1.28,0.46
lpBLrXPE,0,0,19,19,0.65,1.14,3,9,2,2,17% (3/18),38% (8/21),2,1,74% (14/19),41% (7/17),55,55,1,0,0,0,19,11,2,2,0,1,0.92,0.74,-0.62,0.14,1,2,10,5,17,22,11,19,1,0,41% (24/58),42% (28/66),60% (49/82),70% (97/139),79% (329/415),80% (334/416),50%,50%,2,4,4,7,1,3,2,3,1,3,10,23,5,10,0.14,0.38,0.38,0.14
MwJZKTX7,1,0,28,37,0.75,0.91,11,8,0,3,25% (10/40),21% (6/28),0,4,72% (13/18),76% (13/17),63,46,0,0,0,3,5,12,3,1,0,1,2.04,0.75,-0.64,0.42,1,1,9,8,14,16,12,5,1,0,39% (13/33),29% (12/41),75% (88/118),76% (84/111),86% (377/440),81% (313/388),53%,47%,7,5,13,7,6,1,5,1,7,2,38,22,19,8,2.42,1.36,1.36,2.42
ULFDFYeS,0,2,55,24,0.74,0.57,1,6,3,3,18% (3/17),8% (2/26),2,2,67% (10/15),61% (11/18),56,58,0,0,1,1,14,14,1,1,,,0.50,1.44,-0.33,0.50,1,2,3,4,20,25,14,14,1,0,33% (15/45),34% (18/53),69% (83/121),62% (100/161),84% (402/476),74% (281/378),55%,45%,2,5,5,9,0,4,1,5,2,3,28,33,5,13,0.50,0.67,0.67,0.50
GIXvWgt9,0,2,19,27,0.87,1.77,7,2,0,1,24% (5/21),57% (4/7),0,1,61% (11/18),44% (7/16),39,47,1,0,0,0,9,7,4,1,1,0,0.91,2.22,-2.00,-2.09,1,3,11,16,18,18,7,9,1,4,63% (25/40),45% (23/51),75% (103/138),72% (77/107),88% (538/612),84% (392/467),57%,43%,3,4,9,9,3,2,3,3,6,4,23,23,12,11,1.91,2.00,2.00,1.91
Imk5ldcT,0,0,30,17,0.62,1.32,3,3,1,6,33% (5/15),27% (4/15),3,3,46% (6/13),60% (9/15),58,44,0,0,0,0,12,13,1,3,1,1,0.80,1.26,1.18,0.15,1,1,6,10,14,15,13,12,0,0,43% (26/61),28% (11/40),62% (49/79),78% (110/141),80% (222/279),84% (390/463),38%,62%,2,1,6,6,5,2,5,3,4,4,20,23,11,8,1.15,2.18,2.18,1.15
Eehlhvb4,1,1,26,28,1.02,0.47,7,3,0,4,24% (5/21),28% (5/18),4,5,56% (9/16),50% (11/22),59,55,0,0,0,2,13,21,0,2,,,0.94,0.49,0.98,0.18,0,1,4,6,13,10,21,13,1,1,48% (14/29),49% (22/45),81% (131/161),74% (68/92),87% (401/461),87% (369/423),52%,48%,4,3,9,7,7,2,6,2,6,4,28,20,16,9,1.18,0.98,0.98,1.18
8hnW2eCM,0,0,19,37,0.67,0.95,9,2,0,1,24% (8/33),60% (3/5),3,3,64% (14/22),68% (13/19),62,48,1,0,0,1,11,10,1,0,,,0.89,2.00,-0.27,0.40,1,4,7,13,14,16,10,11,0,0,49% (29/59),41% (26/64),75% (131/174),64% (68/106),83% (409/492),82% (392/476),52%,48%,10,6,13,11,6,6,6,5,3,6,35,28,19,17,0.40,1.73,1.73,0.40
QTIdJGd3,0,0,21,29,0.39,1.14,7,2,3,0,8% (2/24),20% (2/10),3,0,69% (9/13),64% (7/11),41,44,0,0,0,0,12,14,2,1,,,0.30,1.25,-0.36,0.00,0,3,9,4,14,23,14,12,1,0,34% (16/47),48% (19/40),69% (77/111),71% (90/126),80% (303/380),86% (445/515),44%,56%,5,0,4,5,3,4,2,4,0,5,11,20,7,9,0.00,1.64,1.64,0.00
EJzyqzLj,0,0,44,31,0.50,0.57,4,4,3,2,24% (4/17),17% (3/18),4,2,64% (9/14),38% (6/16),53,61,0,0,0,1,14,14,3,0,,,1.83,1.19,-0.69,0.07,3,2,7,10,14,23,14,14,0,0,26% (16/61),47% (27/58),56% (61/109),59% (73/123),72% (244/339),79% (352/443),44%,56%,5,0,11,8,3,6,6,8,3,6,26,18,14,14,1.07,1.31,1.31,1.07
YZVAeD4d,0,1,18,47,0.86,0.83,8,2,3,2,15% (6/39),17% (1/6),1,0,50% (7/14),55% (16/29),49,61,1,0,0,1,11,7,3,4,,,0.86,0.45,-0.92,-0.54,3,0,13,9,26,23,7,11,1,0,51% (21/41),36% (21/59),81% (132/163),68% (36/53),87% (439/507),75% (240/320),63%,37%,6,3,10,3,4,4,6,1,2,3,27,15,14,7,0.46,1.08,1.08,0.46
vDfF6wDc,1,1,19,30,1.22,1.45,8,7,,,20% (5/25),41% (7/17),3,1,63% (12/19),100% (16/16),46,41,2,0,0,0,4,6,0,0,0,2,0.99,1.91,-1.23,-0.11,1,5,9,3,14,18,6,4,1,1,59% (30/51),56% (20/36),80% (140/175),77% (106/137),88% (458/520),88% (485/553),49%,51%,2,4,7,10,3,3,6,1,2,8,31,28,10,13,0.89,2.77,2.77,0.89
MLedjISG,0,0,51,37,0.80,0.19,5,6,0,2,21% (5/24),7% (1/15),1,1,89% (8/9),69% (18/26),52,51,0,0,0,0,7,7,3,1,,,3.06,0.95,-0.04,-0.85,6,1,11,7,23,21,7,7,1,0,45% (19/42),25% (20/79),59% (73/123),50% (51/103),79% (321/406),69% (263/379),52%,48%,1,3,11,2,3,4,9,1,4,2,35,13,14,6,2.15,0.96,0.96,2.15
nwbN4HsA,0,0,25,21,2.12,0.57,8,1,4,1,35% (9/26),21% (3/14),1,6,33% (2/6),54% (14/26),44,64,1,0,0,0,17,11,2,4,,,3.10,1.54,0.29,0.68,6,3,2,8,9,10,11,17,2,1,62% (26/42),36% (20/56),85% (170/200),48% (32/66),88% (495/561),76% (265/348),62%,38%,6,2,14,8,4,1,3,3,9,4,45,20,18,9,3.68,2.29,2.29,3.68
vyw2cZZq,0,2,26,21,0.65,1.27,6,3,5,4,27% (6/22),22% (5/23),4,3,57% (8/14),53% (10/19),56,50,2,0,1,2,14,13,1,2,1,0,1.28,1.70,0.96,-1.19,2,2,8,9,12,18,13,14,1,1,26% (13/50),41% (24/59),61% (71/117),77% (120/155),72% (240/334),81% (376/463),42%,58%,2,4,10,13,2,5,4,8,6,6,29,36,12,18,1.81,2.96,2.96,1.81
Y1fLl5iC,0,0,19,46,2.10,0.17,9,1,2,0,18% (7/38),11% (1/9),0,6,50% (7/14),50% (3/6),45,49,0,0,0,2,12,9,1,2,,,1.71,0.21,-0.58,1.85,3,0,8,11,19,18,9,12,4,0,64% (18/28),40% (26/65),83% (226/271),58% (54/93),88% (558/635),68% (190/281),70%,30%,7,1,17,2,8,1,12,1,6,1,50,10,25,3,1.85,0.42,0.42,1.85
xnqNuA8s,0,0,17,34,1.47,0.05,4,1,1,3,27% (4/15),0% (0/7),1,4,70% (16/23),57% (12/21),58,49,1,0,0,1,11,15,3,1,,,1.92,0.07,-0.87,-0.85,3,0,11,8,18,22,15,11,2,0,39% (20/51),33% (18/55),61% (85/140),43% (23/53),81% (363/448),76% (250/330),57%,43%,2,0,12,0,5,3,7,1,8,2,27,4,17,3,3.15,0.13,0.13,3.15
4M24hmhm,0,0,21,18,0.80,0.76,3,3,5,1,15% (4/26),36% (4/11),2,3,62% (16/26),40% (8/20),62,61,0,0,0,0,18,16,4,2,,,1.79,1.58,-1.54,0.72,3,1,12,7,11,15,16,18,0,0,42% (20/48),37% (18/49),79% (87/110),59% (58/99),85% (339/400),80% (358/449),48%,52%,4,4,9,8,5,6,5,7,5,3,24,23,14,14,1.72,0.46,0.46,1.72
S2CgWdyo,1,0,36,15,1.03,1.91,5,9,1,3,36% (5/14),23% (6/26),3,3,65% (11/17),69% (9/13),45,45,1,0,1,2,13,8,3,2,,,2.24,2.49,-0.16,0.50,5,3,7,10,11,17,8,13,1,3,45% (25/56),55% (18/33),64% (49/76),87% (172/198),77% (220/285),90% (525/584),33%,67%,1,4,7,14,2,3,3,9,5,4,14,43,9,17,2.50,0.84,0.84,2.50
AasVwlwf,0,0,11,57,1.56,0.27,9,2,3,2,28% (15/54),17% (1/6),0,10,53% (10/19),77% (10/13),45,42,0,0,0,1,9,10,2,2,,,4.05,0.65,-1.28,2.49,4,0,7,9,27,10,10,9,1,0,37% (13/35),35% (24/69),78% (199/254),35% (20/57),86% (527/616),57% (115/202),76%,24%,7,1,22,4,6,1,11,2,10,2,57,8,28,5,4.49,0.72,0.72,4.49
6RzvxS76,0,0,19,29,0.66,0.55,7,4,4,2,17% (3/18),21% (3/14),3,3,43% (10/23),40% (8/20),55,48,0,0,0,0,10,9,0,1,,,1.22,1.90,0.83,-0.40,1,3,8,13,16,11,9,10,0,0,44% (20/45),35% (18/51),66% (84/128),50% (35/70),83% (479/576),75% (234/314),64%,36%,1,1,8,7,6,3,8,5,5,4,35,25,14,10,1.60,1.83,1.83,1.60
fmHYc9UP,0,0,28,25,1.23,0.56,7,4,3,3,31% (8/26),14% (2/14),2,4,64% (7/11),43% (9/21),36,43,0,0,0,1,5,13,1,3,,,2.16,0.17,0.18,0.27,4,0,6,9,20,17,13,5,0,1,49% (22/45),35% (17/49),74% (101/136),68% (68/100),85% (412/485),80% (299/373),57%,43%,5,1,18,4,6,0,13,1,6,2,46,22,24,4,1.27,0.18,0.18,1.27
0ldDjRMa,0,0,17,46,1.42,0.25,8,6,2,0,23% (9/39),20% (3/15),4,3,67% (10/15),63% (17/27),53,56,0,0,1,1,11,8,0,2,,,1.93,1.58,-0.22,0.67,1,2,4,7,25,17,8,11,0,0,56% (19/34),37% (21/57),83% (211/253),61% (43/70),89% (559/629),70% (151/215),74%,26%,9,5,16,9,5,6,8,3,4,7,50,23,21,15,0.67,2.78,2.78,0.67
ht4uf0Ti,0,0,44,30,0.84,0.82,1,4,2,3,14% (2/14),0% (0/23),2,1,48% (10/21),58% (11/19),48,52,1,0,1,1,13,9,2,3,,,1.79,1.27,-0.60,0.08,2,2,8,10,19,16,9,13,0,2,48% (27/56),48% (24/50),58% (57/98),69% (91/131),81% (330/408),83% (364/437),48%,52%,2,3,5,6,3,4,5,3,1,4,24,23,8,10,0.08,1.40,1.40,0.08
Eivnz6xJ,0,1,28,19,0.26,1.10,1,9,2,3,14% (1/7),8% (1/13),3,2,44% (7/16),60% (9/15),39,52,0,0,2,0,13,8,0,3,0,1,0.44,1.71,0.30,0.11,1,2,12,12,18,10,8,13,0,3,34% (21/61),39% (18/46),62% (60/97),61% (59/96),79% (329/418),84% (439/524),44%,56%,3,5,6,10,2,5,3,5,2,5,17,31,8,15,0.11,2.30,2.30,0.11
fD0PWWVQ,0,0,23,13,0.40,0.70,7,7,2,4,36% (4/11),6% (1/18),2,3,71% (12/17),88% (7/8),49,31,0,0,2,0,14,15,1,7,1,0,1.51,0.61,0.06,-0.87,1,2,9,9,21,13,15,14,1,1,45% (14/31),49% (18/37),72% (88/122),74% (92/124),83% (377/452),87% (410/471),49%,51%,5,4,8,5,6,2,3,2,6,1,28,22,14,7,2.13,0.06,0.06,2.13
8dxrKgnL,0,1,22,35,0.68,0.51,6,9,2,2,19% (3/16),10% (2/21),3,4,60% (12/20),56% (9/16),54,47,0,0,0,1,8,20,0,2,1,0,1.69,1.61,1.05,-1.72,2,2,6,11,15,22,20,8,1,2,42% (20/48),45% (17/38),63% (69/110),73% (68/93),78% (271/346),80% (253/316),52%,48%,6,4,10,6,6,6,2,5,8,3,27,12,16,12,2.28,1.05,1.05,2.28
xCSDEX9r,0,0,16,56,0.80,0.37,6,2,2,3,31% (5/16),13% (2/15),0,4,71% (12/17),70% (7/10),53,39,0,0,0,1,10,13,2,0,1,0,2.35,0.44,-0.78,-0.25,4,1,10,5,26,14,13,10,0,0,46% (28/61),46% (23/50),58% (74/128),68% (69/101),76% (321/423),82% (362/440),49%,51%,4,1,13,2,2,3,4,3,7,1,35,16,15,5,2.75,0.22,0.22,2.75
6iKUAk97,0,0,32,22,0.80,0.57,4,8,1,4,55% (6/11),15% (4/26),3,2,67% (14/21),69% (11/16),58,49,0,0,0,1,10,12,2,1,,,0.75,0.39,0.31,0.92,0,1,14,4,23,17,12,10,0,0,30% (17/57),54% (25/46),50% (45/90),73% (83/114),73% (272/373),84% (423/503),42%,58%,1,3,8,5,2,2,7,1,2,3,30,28,10,7,0.92,0.31,0.31,0.92
xY3lRAgl,0,0,27,28,1.41,0.31,6,4,2,1,23% (6/26),15% (2/13),2,3,63% (17/27),67% (10/15),58,49,0,0,0,0,10,11,2,1,1,0,2.55,0.69,-0.07,0.41,3,1,6,9,20,17,11,10,0,0,40% (23/58),35% (19/55),71% (84/118),51% (47/92),80% (277/348),81% (353/435),45%,55%,6,2,10,5,4,5,2,5,6,3,24,20,14,10,3.41,0.93,0.93,3.41
bRGMCBve,1,0,15,30,2.76,0.11,10,1,1,2,15% (4/26),11% (1/9),0,5,89% (8/9),30% (3/10),38,35,0,0,1,3,12,14,0,0,1,0,3.31,0.17,0.00,0.19,6,0,7,12,12,19,14,12,3,0,57% (25/44),50% (29/58),81% (183/227),67% (52/78),88% (543/614),81% (279/346),64%,36%,6,0,13,1,7,2,6,3,8,0,36,8,20,3,3.19,0.00,0.00,3.19
pb7dPlO0,0,1,39,25,0.33,1.04,2,2,2,1,0% (0/11),18% (4/22),5,0,50% (8/16),33% (4/12),50,60,1,0,1,0,13,13,2,0,,,0.43,1.92,-0.62,-1.18,2,4,6,3,17,21,13,13,0,1,29% (12/41),28% (10/36),65% (51/78),83% (187/224),79% (226/287),87% (460/529),35%,65%,2,4,6,12,0,5,2,6,2,7,14,32,6,17,0.82,1.38,1.38,0.82
Ma2HYh1E,0,0,23,34,1.22,0.33,7,5,2,2,27% (6/22),14% (2/14),4,3,67% (10/15),71% (12/17),50,49,0,0,0,0,11,14,5,1,,,1.44,0.40,0.91,-0.55,4,0,4,13,22,18,14,11,0,0,40% (16/40),47% (22/47),75% (117/155),61% (56/92),84% (342/406),82% (338/411),50%,50%,4,3,6,5,8,3,5,1,5,4,26,19,14,8,1.45,0.91,0.91,1.45
YJmioWpK,0,0,30,28,0.59,1.07,7,4,2,2,22% (4/18),23% (3/13),5,3,71% (10/14),69% (11/16),41,54,1,0,0,1,15,13,2,1,1,1,3.02,1.06,0.32,0.05,3,4,13,7,15,17,13,15,0,1,45% (25/55),42% (21/50),70% (71/102),67% (94/141),82% (308/374),85% (440/517),43%,57%,8,7,8,9,7,7,1,2,6,7,22,25,15,16,3.05,2.32,2.32,3.05
6De5NShD,0,0,17,23,0.54,0.80,5,3,5,1,17% (5/29),33% (4/12),0,2,58% (15/26),38% (8/21),59,52,0,0,0,1,10,8,2,3,1,2,0.93,0.62,-0.78,-0.02,3,2,7,6,18,26,8,10,0,2,32% (14/44),49% (29/59),70% (97/138),69% (57/83),83% (385/464),77% (305/396),55%,45%,3,1,6,5,4,0,3,2,4,2,18,19,10,5,1.98,1.22,1.22,1.98
O82v0Yfk,0,1,21,45,1.07,0.73,4,1,3,2,29% (6/21),22% (2/9),1,2,71% (10/14),43% (6/14),52,50,0,0,0,0,10,12,2,0,,,1.22,0.89,-0.26,0.37,1,1,5,8,17,21,12,10,0,0,49% (29/59),28% (13/46),70% (109/156),63% (59/93),85% (449/529),77% (267/347),61%,39%,7,3,12,5,5,3,7,3,3,2,29,19,17,8,1.37,0.74,0.74,1.37
WhxaK2t4,0,0,23,27,0.95,0.50,9,4,2,2,25% (4/16),5% (1/20),4,4,70% (7/10),43% (10/23),42,42,1,0,0,0,8,11,0,3,,,2.22,0.72,0.54,-1.61,4,1,9,5,19,7,11,8,1,1,47% (16/34),57% (26/46),78% (112/144),77% (95/124),86% (425/493),88% (461/521),48%,52%,3,1,13,4,2,4,4,2,8,5,43,17,15,8,1.39,1.54,1.54,1.39
CUrZLFH8,1,0,41,19,0.35,0.50,7,6,1,2,29% (6/21),7% (2/27),3,7,62% (13/21),63% (5/8),41,31,0,1,0,1,5,10,4,0,,,1.75,0.52,-0.21,-0.07,2,0,7,9,17,25,10,5,0,0,32% (20/62),50% (22/44),72% (69/96),76% (136/180),77% (245/320),86% (467/545),37%,63%,3,2,10,6,5,6,3,6,9,4,21,22,15,12,1.93,0.79,0.79,1.93
OSYjMOBi,0,2,25,26,0.87,0.43,1,4,2,3,9% (1/11),6% (1/18),3,2,67% (8/12),64% (7/11),42,36,0,1,1,2,13,11,8,0,,,1.19,0.41,0.30,-0.99,4,0,6,6,17,12,11,13,0,1,45% (19/42),44% (21/48),74% (104/140),67% (70/104),87% (408/467),84% (336/398),53%,47%,5,1,7,4,9,6,7,6,4,3,21,22,16,10,1.01,0.30,0.30,1.01
KzdmbCP1,0,0,20,19,0.25,1.78,6,5,4,2,0% (0/16),23% (3/13),8,1,63% (19/30),60% (12/20),69,64,1,0,2,1,14,12,1,1,,,0.11,3.69,2.16,0.16,0,6,4,17,25,22,12,14,0,0,28% (13/46),49% (26/53),62% (62/100),73% (94/128),76% (294/387),81% (343/425),48%,52%,1,1,2,12,1,3,1,5,1,9,15,36,3,15,0.16,3.16,3.16,0.16
EgB7VpZb,0,0,14,19,1.12,0.52,4,7,0,1,20% (2/10),21% (4/19),2,4,63% (15/24),67% (8/12),49,43,0,1,0,1,10,7,3,1,,,3.07,0.49,0.88,1.48,3,1,3,6,22,18,7,10,0,2,49% (19/39),47% (22/47),67% (65/97),71% (53/75),88% (431/491),87% (423/486),50%,50%,2,1,8,3,6,2,5,2,7,2,26,18,14,5,4.48,0.88,0.88,4.48
MJEFTO3B,1,0,28,28,0.44,1.34,1,6,2,1,8% (1/13),29% (4/14),5,0,64% (9/14),44% (7/16),49,47,0,0,2,0,10,13,0,1,0,2,0.42,2.42,0.58,0.00,1,4,7,6,19,21,13,10,0,1,47% (27/57),30% (13/43),68% (73/107),70% (78/112),81% (348/427),86% (426/494),46%,54%,0,1,2,9,1,3,3,3,0,8,12,23,3,12,0.00,2.58,2.58,0.00
GI7OR2YN,1,0,31,38,0.21,0.45,6,5,0,3,12% (2/17),6% (1/17),2,2,54% (7/13),69% (11/16),42,53,0,0,0,1,7,11,1,3,1,0,0.70,0.54,0.77,-0.18,1,1,12,4,23,19,11,7,0,0,30% (17/56),40% (27/68),43% (42/97),55% (64/116),66% (178/268),80% (392/493),36%,64%,4,2,6,2,4,4,3,2,3,2,24,16,10,6,0.82,0.77,0.77,0.82
ClgfMtdo,1,0,22,31,1.09,0.31,10,1,1,3,29% (6/21),25% (4/16),2,4,33% (2/6),71% (12/17),40,46,0,0,0,0,13,14,3,0,,,1.39,0.24,0.10,-0.08,2,1,4,10,31,13,14,13,1,0,46% (19/41),46% (31/68),76% (123/161),53% (56/106),87% (477/549),77% (243/316),63%,37%,8,1,11,3,8,2,5,2,6,2,37,17,19,5,1.92,0.10,0.10,1.92
h8Q7ItBG,0,1,17,22,0.86,1.13,8,5,1,1,20% (5/25),38% (5/13),4,1,59% (10/17),83% (10/12),45,59,0,0,0,1,10,7,2,1,1,1,1.93,1.11,-0.59,-0.44,1,0,11,10,15,12,7,10,0,2,37% (23/62),50% (31/62),67% (87/129),73% (85/117),75% (263/350),84% (442/525),41%,59%,6,5,11,8,6,10,8,6,3,7,24,17,17,18,1.56,1.41,1.41,1.56
EXZWI7kg,0,0,27,54,1.48,0.73,9,8,2,0,9% (3/33),27% (4/15),1,2,53% (10/19),55% (11/20),54,48,1,0,1,1,9,8,2,2,0,3,1.74,1.72,0.22,1.20,3,4,6,6,17,15,8,9,0,0,43% (16/37),31% (14/45),73% (123/168),61% (46/75),85% (374/442),83% (329/395),54%,46%,5,1,8,5,4,2,5,2,2,4,31,16,12,7,1.20,3.22,3.22,1.20
t6dj6U5m,1,0,28,44,0.95,0.29,4,3,,,40% (4/10),30% (3/10),1,2,58% (7/12),56% (9/16),48,42,0,0,1,0,6,11,2,1,,,0.91,0.45,0.48,0.02,2,0,6,12,17,19,11,6,2,0,34% (18/53),30% (19/63),60% (88/147),46% (45/97),83% (449/540),74% (265/360),60%,40%,3,3,7,5,3,2,4,3,3,1,25,15,10,7,1.02,0.48,0.48,1.02
EJfb48z0,0,0,19,19,0.53,1.11,5,6,1,4,25% (3/12),33% (7/21),3,2,61% (11/18),57% (8/14),42,41,0,0,0,0,8,16,1,3,,,0.82,1.18,0.17,-0.19,2,2,7,11,13,14,16,8,0,2,42% (25/59),50% (10/20),60% (52/87),81% (141/174),86% (388/449),90% (455/504),47%,53%,5,9,8,14,1,4,1,5,3,4,26,33,9,18,0.81,0.17,0.17,0.81
Aol72n5C,0,0,16,18,0.46,0.41,6,4,3,2,20% (2/10),23% (3/13),4,3,78% (7/9),53% (10/19),40,58,0,1,0,1,17,7,3,0,,,0.57,0.37,0.81,-1.44,0,0,12,9,21,19,7,17,0,0,35% (17/48),43% (30/69),73% (87/120),65% (78/120),80% (359/447),78% (318/409),52%,48%,4,2,5,3,8,5,4,2,5,4,16,7,13,8,0.56,0.81,0.81,0.56
hvNbX64n,1,0,24,42,1.37,1.16,4,3,1,0,27% (12/44),10% (1/10),4,5,43% (6/14),42% (8/19),49,52,1,0,0,1,12,7,2,2,1,0,2.28,1.43,-1.12,0.30,3,2,9,5,14,18,7,12,0,1,53% (28/53),43% (27/63),72% (109/151),59% (58/98),84% (414/493),79% (308/391),57%,43%,2,3,10,6,5,5,6,1,7,7,35,20,15,11,2.30,1.88,1.88,2.30
2g6E0QZO,0,0,35,41,1.09,1.19,5,4,3,2,32% (6/19),33% (7/21),3,5,60% (9/15),57% (12/21),59,63,1,0,0,1,7,10,2,0,,,2.76,2.30,0.06,-0.51,7,3,14,4,23,15,10,7,1,1,34% (22/64),39% (24/61),56% (61/109),77% (150/196),70% (201/288),84% (490/586),34%,66%,2,6,12,12,5,6,7,7,8,5,34,37,17,18,2.49,2.06,2.06,2.49
rDRmFPlI,1,0,15,18,0.98,0.80,1,6,2,2,11% (1/9),29% (5/17),3,5,62% (13/21),67% (12/18),61,57,0,0,1,2,4,13,2,2,0,1,1.29,1.12,-0.30,-0.95,4,1,14,12,16,14,13,4,3,1,48% (27/56),45% (20/44),76% (108/142),71% (72/102),82% (361/442),85% (485/568),44%,56%,1,4,7,10,6,7,3,8,9,5,21,20,13,17,3.05,1.70,1.70,3.05
67WOKTKt,0,0,18,33,1.17,0.41,9,1,1,1,14% (4/29),11% (1/9),2,6,100% (8/8),57% (8/14),40,48,0,0,0,0,15,13,3,2,,,0.90,1.31,-0.42,-0.01,2,2,3,8,15,13,13,15,0,1,49% (19/39),39% (19/49),84% (157/187),58% (52/90),90% (567/629),78% (230/293),68%,32%,4,4,10,7,6,3,5,2,7,4,26,17,16,10,0.99,1.58,1.58,0.99
2FskD3JU,2,1,20,21,1.26,0.32,4,3,0,2,32% (6/19),8% (1/13),4,5,64% (9/14),58% (11/19),52,46,0,2,2,1,11,18,0,1,0,1,2.13,1.53,1.69,0.15,4,2,7,9,19,23,18,11,1,0,50% (22/44),44% (22/50),72% (89/123),68% (72/106),84% (381/452),79% (351/444),51%,49%,5,5,10,8,8,4,6,2,7,5,35,25,18,12,2.15,2.69,2.69,2.15
AaTuHoK5,1,0,39,12,0.80,0.94,3,4,3,3,45% (5/11),13% (3/23),2,3,62% (13/21),46% (6/13),52,57,0,0,0,0,12,11,1,1,1,1,1.49,0.65,0.04,-0.54,3,0,13,4,18,31,11,12,1,1,36% (20/56),40% (19/47),59% (39/66),66% (99/149),81% (302/373),82% (441/536),41%,59%,3,3,8,4,5,5,5,3,5,3,10,10,13,9,1.46,1.04,1.04,1.46
MLFJBjrQ,0,2,39,26,0.20,1.77,6,10,1,1,10% (2/20),54% (13/24),4,1,75% (12/16),73% (8/11),43,62,0,0,0,0,10,10,3,2,,,0.35,2.37,-0.25,0.20,0,5,2,7,26,23,10,10,0,1,34% (19/56),48% (23/48),64% (54/85),67% (81/121),75% (257/344),82% (372/451),44%,56%,3,5,2,20,5,2,3,10,1,7,14,42,7,22,0.20,1.75,1.75,0.20
KUKzCax9,3,1,28,46,1.61,0.76,9,4,0,2,19% (9/48),33% (4/12),2,5,54% (7/13),60% (9/15),51,45,0,0,2,1,8,14,1,1,0,1,2.75,1.34,-0.95,1.33,5,5,5,6,31,17,14,8,1,1,57% (27/47),24% (18/75),81% (123/152),56% (58/104),85% (408/480),68% (200/294),63%,37%,2,3,16,10,3,2,11,5,6,4,52,16,19,12,2.33,1.05,1.05,2.33
GOSXmmjJ,0,0,29,29,0.69,0.15,6,6,2,0,23% (5/22),0% (0/16),0,2,60% (15/25),63% (15/24),48,55,0,0,2,1,11,7,6,1,,,0.75,0.32,-1.04,0.00,3,0,6,2,23,21,7,11,0,0,61% (25/41),36% (15/42),80% (84/105),70% (61/87),88% (336/382),84% (292/348),53%,47%,2,2,7,2,3,6,5,4,3,2,28,7,10,8,1.00,0.96,0.96,1.00
6kwlldp2,0,0,35,29,0.25,1.06,6,10,,,11% (2/18),21% (5/24),4,0,65% (13/20),56% (5/9),38,52,0,0,0,3,11,4,0,2,,,0.44,1.86,0.42,0.00,0,3,7,1,17,17,4,11,0,2,35% (19/54),42% (20/48),67% (44/66),73% (143/195),79% (248/313),87% (475/546),37%,63%,3,4,6,14,3,2,6,7,0,5,16,46,9,16,0.00,1.42,1.42,0.00
6Rf1c0NF,0,0,30,22,1.15,1.39,8,4,0,1,22% (4/18),29% (7/24),2,3,67% (14/21),76% (13/17),57,49,0,0,0,1,9,9,3,1,,,0.92,1.45,0.06,-0.56,1,1,5,7,15,23,9,9,2,1,36% (16/45),47% (17/36),63% (66/104),79% (104/131),81% (341/421),85% (419/491),46%,54%,5,5,6,10,7,6,3,8,5,3,30,25,13,16,1.44,1.06,1.06,1.44
Eib9evhS,0,1,50,12,0.24,1.53,1,5,2,1,14% (1/7),38% (18/47),4,1,57% (8/14),46% (6/13),40,54,0,0,1,0,10,7,1,0,1,0,0.46,2.62,0.51,-0.79,1,4,17,12,20,25,7,10,0,0,47% (23/49),33% (13/39),53% (37/70),73% (117/160),76% (221/292),86% (526/615),31%,69%,0,3,1,17,3,2,1,12,3,4,3,44,4,19,1.21,0.51,0.51,1.21
bPZujIFk,0,0,32,47,2.58,0.98,6,5,1,4,32% (6/19),17% (2/12),2,4,61% (14/23),39% (7/18),73,53,1,0,1,0,8,16,3,3,0,1,4.44,2.03,-0.19,0.94,7,3,6,12,17,14,16,8,2,1,52% (36/69),38% (20/52),56% (73/130),61% (68/112),76% (308/404),77% (280/364),52%,48%,7,0,15,5,5,3,6,3,7,5,41,19,20,8,3.94,2.81,2.81,3.94
jHs8giMs,1,0,26,28,2.01,0.77,11,3,0,2,28% (5/18),10% (1/10),1,5,60% (9/15),61% (11/18),60,49,0,0,1,0,8,14,0,1,1,0,2.39,0.81,0.07,-0.52,6,1,5,7,23,11,14,8,6,0,61% (23/38),45% (25/56),83% (167/201),67% (56/84),91% (685/749),79% (237/300),71%,29%,7,2,16,4,3,1,5,2,7,1,46,15,19,5,1.48,0.07,0.07,1.48
f9vPk9L6,1,0,36,40,0.43,1.27,2,2,,,25% (3/12),35% (11/31),3,1,64% (9/14),80% (12/15),60,60,0,0,2,0,5,12,2,2,,,0.64,0.83,0.27,-0.78,2,0,7,8,17,26,12,5,0,0,27% (15/56),48% (29/60),55% (56/101),70% (97/138),73% (248/341),84% (393/466),41%,59%,3,5,5,8,3,8,3,8,2,3,17,38,8,16,0.22,0.27,0.27,0.22
nqyHiVjf,1,0,15,19,1.37,1.17,5,2,2,4,22% (5/23),33% (3/9),3,2,53% (10/19),53% (8/15),47,53,1,0,2,3,13,16,1,2,0,1,2.35,1.68,-0.84,0.55,4,4,9,13,21,12,16,13,0,2,33% (15/46),49% (28/57),66% (83/125),74% (75/101),82% (367/445),86% (397/463),50%,50%,2,5,8,11,4,6,8,6,2,6,23,20,12,17,0.55,2.16,2.16,0.55
bkJWOuHj,0,0,14,21,0.20,0.71,3,2,3,2,14% (2/14),22% (2/9),3,1,63% (10/16),71% (10/14),31,51,0,0,0,1,10,6,1,1,,,0.70,0.85,-0.35,0.23,1,2,11,6,16,17,6,10,0,1,38% (17/45),60% (18/30),59% (42/71),86% (170/198),80% (249/311),91% (698/764),30%,70%,2,4,4,6,2,4,3,2,1,4,8,23,6,10,0.23,0.65,0.65,0.23
6ivhWNOG,0,1,23,5,1.49,0.41,6,4,3,1,73% (8/11),43% (3/7),1,5,67% (10/15),41% (11/27),56,44,0,0,0,0,9,15,3,5,0,1,1.16,0.40,-0.71,0.05,2,1,5,13,9,17,15,9,1,0,55% (21/38),42% (23/55),71% (65/92),57% (56/99),88% (434/496),81% (331/409),55%,45%,3,2,12,3,3,2,5,1,7,2,23,12,15,5,2.05,0.29,0.29,2.05
Kf4RpNwA,0,1,35,38,1.14,1.37,2,4,2,3,32% (6/19),21% (3/14),5,5,53% (10/19),48% (15/31),62,73,0,0,1,0,13,16,0,1,,,2.03,1.53,0.39,0.62,5,5,11,14,31,22,16,13,2,3,49% (24/49),33% (17/52),63% (80/128),62% (66/107),81% (351/433),81% (349/432),50%,50%,2,3,10,11,4,4,5,4,7,8,28,23,14,15,2.62,1.39,1.39,2.62
8KxFyJ0d,1,0,16,38,1.12,0.30,8,1,0,4,19% (5/26),21% (3/14),4,7,69% (11/16),62% (8/13),47,54,0,0,0,1,16,15,0,2,,,3.45,0.30,0.26,1.84,6,0,9,9,25,17,15,16,1,0,31% (13/42),39% (20/51),76% (122/160),74% (67/91),83% (387/464),82% (372/452),51%,49%,5,0,13,4,5,1,4,1,9,4,33,18,18,5,3.84,0.26,0.26,3.84
0EP0aMh3,2,0,32,16,0.40,0.67,2,8,2,4,20% (3/15),42% (13/31),5,3,54% (14/26),53% (10/19),56,52,0,1,1,0,13,9,1,3,0,1,0.55,0.92,0.46,0.67,1,2,9,9,16,23,9,13,0,0,48% (31/64),59% (26/44),50% (36/72),80% (105/132),76% (270/353),87% (427/492),42%,58%,0,5,4,10,2,7,3,6,3,6,8,28,6,17,0.67,1.46,1.46,0.67
Ec1Jnq9c,2,0,12,26,1.09,0.87,7,2,0,2,15% (3/20),27% (3/11),1,4,57% (12/21),75% (12/16),41,32,0,0,0,0,9,8,2,2,,,1.00,1.94,-0.04,-0.34,2,4,13,9,17,24,8,9,0,2,43% (29/67),37% (16/43),73% (114/156),67% (77/115),83% (422/508),82% (370/450),53%,47%,2,5,6,8,6,4,4,5,6,2,22,25,12,12,1.66,0.96,0.96,1.66
KztpYqf4,1,0,27,50,2.00,0.42,8,3,0,2,13% (3/23),18% (2/11),0,3,61% (14/23),41% (7/17),54,45,0,0,0,2,14,14,1,1,,,2.78,0.49,0.00,0.20,4,2,7,12,16,18,14,14,2,0,37% (10/27),31% (14/45),75% (129/171),61% (43/70),88% (498/566),78% (210/268),68%,32%,9,1,16,4,5,0,7,3,5,0,46,8,21,4,2.20,0.00,0.00,2.20
Chq6wuWq,1,0,24,31,0.69,0.37,2,3,1,4,71% (5/7),20% (4/20),3,4,59% (10/17),43% (9/21),48,61,0,0,0,1,10,12,1,2,,,1.84,0.71,0.94,0.08,2,2,10,10,23,20,12,10,0,0,32% (19/59),31% (16/52),66% (78/119),67% (71/106),78% (351/448),80% (341/428),50%,50%,2,1,11,5,4,3,7,4,6,3,32,14,15,8,2.08,0.94,0.94,2.08
tAhzq18M,1,1,25,34,0.89,0.44,4,1,2,3,48% (10/21),10% (1/10),1,3,58% (11/19),67% (10/15),48,44,1,0,1,3,10,12,1,2,,,1.68,0.53,-1.40,0.66,4,1,6,6,15,14,12,10,1,1,40% (16/40),23% (11/48),66% (87/131),63% (65/104),84% (401/478),80% (298/374),56%,44%,2,2,11,4,5,5,10,4,4,3,22,18,16,9,1.66,0.60,0.60,1.66
2JX0U1gT,0,0,23,38,1.21,1.01,4,3,0,1,4% (1/25),18% (3/17),3,3,70% (7/10),82% (9/11),40,33,0,0,1,1,8,10,2,2,,,1.12,0.89,0.06,-1.19,1,1,8,7,28,19,10,8,2,2,49% (25/51),39% (22/57),73% (137/188),75% (112/149),86% (460/536),81% (383/473),54%,46%,3,4,6,5,5,7,2,4,6,4,30,17,11,12,1.81,1.06,1.06,1.81
js9fNSun,0,0,37,36,0.69,0.92,3,5,3,4,14% (3/22),22% (4/18),2,5,55% (6/11),44% (7/16),52,50,0,0,2,0,7,16,0,2,1,0,0.74,1.19,0.20,-0.58,0,1,5,6,19,22,16,7,0,1,56% (25/45),35% (19/55),75% (110/147),70% (92/132),85% (380/447),80% (332/416),52%,48%,3,6,9,10,3,4,3,5,6,3,30,29,12,14,0.42,1.20,1.20,0.42
CUIIHO9N,0,1,41,29,0.61,1.68,7,12,2,1,20% (3/15),39% (9/23),5,2,67% (8/12),46% (6/13),49,54,0,0,0,0,8,9,1,0,1,2,0.61,2.05,0.73,-0.07,1,4,8,10,21,19,9,8,1,1,36% (20/55),38% (22/58),51% (46/90),72% (127/176),70% (194/279),82% (405/495),37%,63%,4,6,7,18,1,2,1,7,3,7,17,43,8,20,0.93,2.73,2.73,0.93
CWkRLF4s,0,0,26,23,0.86,0.84,2,8,1,4,10% (1/10),23% (7/30),3,1,40% (4/10),44% (7/16),38,46,0,0,1,1,10,13,2,4,0,1,1.11,0.92,-0.24,-1.30,3,1,7,9,11,18,13,10,2,2,47% (17/36),57% (26/46),66% (65/99),78% (89/114),84% (340/403),86% (357/414),48%,52%,2,3,4,9,5,2,3,4,4,4,18,27,9,11,1.70,0.76,0.76,1.70
bLiyz6Pi,1,1,19,41,0.79,0.33,10,9,3,2,28% (9/32),27% (4/15),2,2,71% (12/17),45% (14/31),56,64,0,0,0,0,9,11,2,0,,,0.87,1.15,0.43,0.50,1,1,10,10,24,25,11,9,0,0,54% (26/48),37% (22/60),73% (111/153),67% (58/87),82% (325/398),81% (321/394),51%,49%,2,1,7,6,3,3,5,5,3,3,24,16,10,9,1.50,1.43,1.43,1.50
WEakC2Xp,0,0,20,42,1.14,0.71,7,4,4,2,19% (8/42),16% (3/19),2,6,56% (9/16),70% (7/10),46,40,0,0,2,1,11,6,0,1,0,1,1.68,1.65,0.39,1.69,1,3,1,6,24,13,6,11,1,1,61% (23/38),53% (33/62),84% (166/197),65% (46/71),90% (521/578),81% (258/318),65%,35%,6,3,15,8,7,3,10,5,6,3,36,21,22,11,1.69,1.39,1.39,1.69
4n4zIX36,0,0,8,26,0.46,1.65,5,7,4,5,21% (3/14),38% (5/13),0,2,52% (11/21),62% (13/21),54,48,1,0,1,0,9,16,2,2,1,2,1.81,2.28,-1.23,1.12,2,4,10,12,21,19,16,9,0,2,28% (15/53),55% (16/29),68% (75/110),76% (92/121),84% (396/470),84% (266/316),59%,41%,6,2,7,8,6,4,4,7,3,3,17,27,13,12,2.12,1.77,1.77,2.12
CC7rGBYI,1,1,32,36,1.12,0.98,2,6,1,3,25% (2/8),31% (8/26),3,5,67% (16/24),71% (5/7),48,45,1,0,2,2,10,8,2,1,,,2.92,2.14,0.79,0.65,7,6,9,10,20,18,8,10,1,0,32% (23/71),42% (19/45),51% (54/105),76% (141/185),65% (175/270),89% (609/688),28%,72%,2,5,12,13,4,7,7,11,7,4,33,28,16,20,2.65,1.79,1.79,2.65
b7C2L6Ab,0,0,25,30,0.66,0.71,7,4,2,2,56% (9/16),14% (3/21),3,6,59% (16/27),48% (11/23),65,63,0,0,0,0,12,13,0,2,1,0,1.84,0.82,-0.69,0.05,3,1,9,7,14,28,13,12,0,0,53% (32/60),52% (24/46),60% (53/88),77% (134/174),78% (280/357),86% (436/509),41%,59%,6,3,16,7,3,5,5,4,8,5,35,21,19,12,2.05,1.31,1.31,2.05
vHKAJpuB,0,0,19,31,1.52,0.42,10,2,1,3,39% (9/23),14% (1/7),1,5,75% (6/8),45% (9/20),39,40,0,2,0,1,5,7,1,1,,,2.03,0.41,-0.39,-0.25,5,0,4,10,22,14,7,5,1,0,38% (10/26),58% (31/53),84% (208/249),71% (55/78),89% (566/638),82% (242/295),68%,32%,6,5,13,5,8,4,7,2,8,2,64,11,21,9,2.75,0.61,0.61,2.75
pplZJgZg,0,0,24,29,1.28,0.53,4,2,2,2,50% (7/14),29% (4/14),5,5,57% (8/14),56% (9/16),52,51,0,0,0,0,14,10,2,1,,,2.02,2.08,1.43,0.03,6,4,7,4,22,17,10,14,1,1,42% (21/50),44% (18/41),62% (61/99),66% (56/85),76% (274/359),81% (370/458),44%,56%,1,4,7,9,3,5,1,4,8,6,23,17,10,14,3.03,2.43,2.43,3.03
OUNtGjHL,0,0,18,60,0.97,0.28,11,1,1,2,16% (5/32),0% (0/4),2,2,65% (13/20),69% (9/13),51,51,0,0,0,1,11,10,4,2,,,0.88,0.87,0.11,0.23,2,2,5,5,20,24,10,11,2,1,62% (33/53),40% (19/47),78% (148/189),61% (54/89),89% (517/582),76% (229/300),67%,33%,3,0,11,4,1,1,6,2,3,3,39,7,12,5,1.23,1.11,1.11,1.23
fDECAUvq,0,0,28,35,0.27,0.37,5,2,2,1,0% (0/21),13% (2/16),1,2,53% (8/15),58% (11/19),47,54,0,0,0,0,7,10,3,2,,,0.46,0.14,0.10,0.26,0,0,16,8,21,28,10,7,0,1,28% (17/61),38% (21/56),66% (90/136),63% (85/134),82% (409/498),76% (298/390),56%,44%,6,1,4,1,7,3,3,2,2,1,16,17,11,4,0.26,0.10,0.10,0.26
4QSa5fK0,1,0,34,28,0.40,0.89,6,5,2,1,17% (2/12),15% (4/26),1,3,65% (13/20),64% (7/11),47,40,1,0,1,0,14,8,0,3,,,1.04,0.79,-0.85,-0.02,1,2,8,3,15,18,8,14,0,0,33% (16/49),47% (15/32),44% (27/62),86% (197/230),69% (151/218),89% (488/547),29%,71%,4,6,10,6,4,6,6,4,4,2,16,34,14,12,0.98,0.15,0.15,0.98
6VpDEbcE,0,0,39,18,0.62,0.37,2,10,4,1,38% (5/13),10% (2/21),2,2,47% (9/19),46% (6/13),54,36,1,0,1,0,11,13,2,2,,,1.00,0.60,-0.11,-1.15,3,1,6,5,16,23,13,11,1,0,45% (22/49),37% (17/46),72% (71/99),57% (51/89),84% (382/456),81% (324/398),53%,47%,6,3,8,8,6,0,5,2,3,3,27,17,14,8,0.85,0.89,0.89,0.85
bTPi7Gkl,0,0,19,29,1.14,0.33,5,5,2,5,31% (8/26),13% (2/15),0,2,76% (16/21),81% (13/16),51,53,0,1,0,1,13,14,3,2,1,1,1.84,0.42,-0.41,-0.13,3,1,10,8,23,20,14,13,1,1,24% (13/55),47% (21/45),68% (78/115),76% (78/102),79% (292/371),85% (466/550),41%,59%,4,2,6,4,5,1,3,2,4,1,21,16,11,5,1.87,0.59,0.59,1.87
GS2L889e,0,0,40,17,0.30,0.88,2,10,1,2,25% (2/8),9% (3/32),2,2,68% (17/25),38% (10/26),57,61,0,2,0,0,10,13,0,1,,,1.32,1.22,0.55,-0.73,1,1,5,9,11,17,13,10,0,0,39% (22/57),59% (27/46),64% (55/86),80% (143/178),77% (236/307),89% (464/523),36%,64%,1,2,5,9,7,2,7,6,4,3,17,44,12,11,1.27,1.55,1.55,1.27
lfGS6nv8,1,0,35,29,0.75,0.81,4,5,1,1,31% (8/26),17% (5/30),7,4,82% (9/11),55% (6/11),45,36,0,0,0,0,12,11,1,2,,,0.85,1.09,0.47,-0.02,2,2,10,7,17,20,11,12,0,0,35% (16/46),49% (17/35),61% (66/108),81% (148/182),77% (272/351),90% (567/631),37%,63%,3,7,9,9,3,8,4,2,5,8,23,29,12,17,0.98,1.47,1.47,0.98
QuH83YlD,0,2,22,35,1.23,1.31,8,8,3,3,32% (7/22),44% (8/18),1,2,67% (6/9),73% (16/22),46,70,0,0,0,0,15,5,1,2,1,1,0.67,2.31,-0.63,0.56,1,4,7,10,19,12,5,15,2,0,45% (21/47),46% (22/48),55% (59/108),65% (61/94),83% (375/450),82% (284/345),57%,43%,1,6,7,14,1,4,4,9,3,3,20,27,8,18,1.56,1.37,1.37,1.56
hn9fRysK,0,0,16,49,1.34,0.44,4,0,1,1,40% (14/35),0% (0/7),1,5,50% (14/28),65% (13/20),75,57,1,0,1,0,11,9,0,2,0,1,1.79,0.49,-1.45,0.31,3,1,3,7,28,15,9,11,1,2,52% (24/46),36% (16/45),65% (93/143),64% (52/81),84% (425/507),84% (351/416),56%,44%,4,0,13,2,3,4,6,2,6,4,39,13,16,6,1.31,1.55,1.55,1.31
vqqLCxSQ,0,0,37,23,0.78,0.62,5,4,2,3,17% (2/12),25% (5/20),1,1,39% (7/18),72% (13/18),57,56,0,0,1,0,11,10,1,1,,,0.90,0.71,-0.43,-0.83,1,0,12,10,23,23,10,11,3,0,33% (14/43),38% (23/61),82% (116/142),66% (88/133),85% (404/475),76% (263/345),57%,43%,5,3,9,6,2,3,3,4,3,2,26,21,11,9,1.17,0.57,0.57,1.17
tAlwdVPk,1,0,33,10,1.62,1.30,2,4,,,50% (1/2),26% (6/23),2,3,54% (7/13),65% (15/23),45,48,0,1,0,2,8,8,2,3,1,0,2.63,1.52,0.14,-0.71,4,2,10,13,26,21,8,8,5,1,40% (22/55),62% (36/58),70% (67/96),77% (130/169),82% (352/430),84% (420/501),45%,55%,0,2,12,7,1,5,7,8,6,2,26,29,13,12,2.29,0.14,0.14,2.29
231BsWAd,0,0,48,12,0.04,1.77,1,13,2,2,0% (0/3),23% (10/44),3,0,69% (11/16),70% (7/10),41,57,0,0,0,0,9,9,3,1,,,0.13,2.65,0.18,0.00,0,3,17,7,11,21,9,9,0,0,24% (15/62),54% (15/28),37% (17/46),86% (272/315),48% (80/168),88% (610/697),19%,81%,0,12,1,14,2,13,3,11,0,4,2,56,3,27,0.00,1.18,1.18,0.00
Uk33qhtp,0,1,33,33,0.81,1.04,5,6,3,2,33% (6/18),18% (3/17),4,3,59% (10/17),60% (9/15),44,46,0,0,1,0,13,9,0,4,,,1.42,1.25,0.23,0.30,1,2,6,13,15,20,9,13,0,1,56% (28/50),56% (23/41),61% (43/70),80% (127/158),76% (215/284),91% (516/570),34%,66%,1,7,7,10,0,6,2,3,4,6,20,38,7,16,2.30,2.23,2.23,2.30
S2UXHCn9,0,0,41,10,0.51,0.89,2,13,0,1,33% (3/9),16% (5/31),2,4,69% (9/13),69% (11/16),47,48,0,0,0,0,8,7,0,4,0,2,0.60,1.29,-0.78,0.29,1,2,5,3,19,21,7,8,0,0,29% (17/58),55% (23/42),64% (59/92),73% (99/135),77% (239/310),87% (465/534),36%,64%,0,5,6,10,1,4,3,4,4,5,10,37,7,14,0.29,2.22,2.22,0.29
zkoV10dB,0,0,35,35,0.93,0.38,4,4,4,4,21% (4/19),18% (3/17),1,3,78% (14/18),80% (16/20),51,55,1,0,0,0,16,10,1,0,0,1,1.45,0.62,0.28,-0.51,1,2,3,6,17,20,10,16,0,0,45% (25/56),46% (24/52),65% (88/136),61% (67/109),79% (309/393),78% (293/374),51%,49%,4,2,7,5,6,1,4,2,5,2,28,24,13,6,1.49,1.28,1.28,1.49
tn6j5Z23,0,0,25,34,1.01,0.50,5,3,1,1,25% (5/20),24% (4/17),0,6,60% (6/10),69% (9/13),33,53,0,0,1,0,10,8,0,2,,,1.77,0.36,0.00,1.36,3,0,6,10,23,21,8,10,1,0,47% (27/58),41% (21/51),67% (75/112),56% (49/88),84% (410/491),80% (310/386),56%,44%,4,2,8,5,6,1,4,4,6,0,21,17,14,6,1.36,0.00,0.00,1.36
lC9b3DXF,1,0,17,19,1.25,0.36,10,3,3,3,36% (8/22),30% (3/10),1,2,70% (16/23),69% (11/16),66,51,0,0,0,1,17,15,2,2,,,2.08,0.54,0.13,0.29,3,0,5,4,20,14,15,17,0,0,51% (25/49),29% (14/49),77% (95/123),71% (75/105),82% (281/343),82% (313/384),48%,52%,9,5,14,3,6,4,9,1,2,1,46,8,20,7,0.29,0.13,0.13,0.29
ARc71i2S,0,1,23,30,0.61,0.62,3,3,1,2,14% (3/22),8% (1/13),3,3,67% (16/24),61% (11/18),59,60,0,0,0,0,20,15,1,3,,,0.85,0.79,0.51,0.88,2,1,6,7,25,15,15,20,0,0,49% (19/39),44% (23/52),69% (90/131),65% (67/103),85% (382/451),81% (313/388),54%,46%,0,4,3,7,2,3,2,3,3,3,10,21,5,10,0.88,0.51,0.51,0.88
z9snf9f2,1,0,20,34,1.03,0.58,9,4,1,4,32% (8/25),20% (3/15),3,3,50% (5/10),50% (8/16),53,46,0,0,0,0,10,17,1,0,1,0,1.56,0.50,0.37,0.75,1,0,6,14,28,18,17,10,0,2,40% (21/52),33% (22/66),67% (112/168),66% (56/85),80% (361/449),76% (259/343),57%,43%,5,2,8,7,8,1,7,3,4,3,28,22,16,8,1.75,0.37,0.37,1.75
SOsN3MRb,1,1,15,19,1.67,0.19,8,3,1,1,25% (5/20),15% (2/13),1,2,85% (11/13),67% (8/12),44,32,0,0,0,2,8,11,2,0,1,0,1.84,0.20,0.06,-0.65,5,0,7,11,12,23,11,8,0,0,50% (15/30),42% (18/43),74% (100/135),73% (77/105),87% (415/478),86% (350/409),54%,46%,5,3,12,3,4,2,6,1,5,1,38,14,16,5,2.35,0.06,0.06,2.35
vLfbv6bm,0,0,17,37,0.68,1.19,10,1,2,3,19% (6/31),18% (2/11),1,4,45% (5/11),62% (16/26),37,48,0,0,0,1,7,14,0,2,0,1,1.14,2.65,-0.55,1.01,2,4,6,10,20,9,14,7,0,2,64% (29/45),44% (17/39),77% (124/162),69% (66/96),89% (475/531),85% (328/386),58%,42%,1,1,10,5,3,1,8,1,4,4,20,14,13,6,1.01,2.45,2.45,1.01
KvGXh5Dt,0,0,29,19,0.22,0.44,3,8,2,2,14% (1/7),18% (3/17),1,2,82% (9/11),43% (6/14),38,32,0,0,0,1,7,10,1,0,,,0.53,0.49,0.56,-0.73,0,0,7,9,19,16,10,7,0,0,45% (27/60),50% (25/50),67% (54/81),62% (64/103),85% (368/435),82% (303/371),53%,47%,4,7,4,8,5,3,2,3,3,1,16,29,9,11,0.27,0.56,0.56,0.27
CYh6xpTa,0,0,10,15,0.70,1.46,3,2,2,2,38% (3/8),20% (1/5),2,5,76% (13/17),47% (7/15),47,58,0,0,1,0,16,14,1,0,,,2.29,1.82,0.10,1.07,3,3,8,9,12,16,14,16,1,3,29% (14/49),45% (19/42),50% (41/82),81% (103/127),75% (235/315),87% (493/565),36%,64%,3,1,10,8,2,4,2,8,7,3,22,24,12,12,3.07,1.10,1.10,3.07
2N7lkNC5,0,0,16,32,0.76,0.47,9,7,,,11% (4/35),39% (7/18),5,3,74% (14/19),56% (9/16),43,47,0,0,0,0,14,6,0,0,0,1,0.73,2.42,0.29,0.29,1,4,6,6,17,12,6,14,0,0,38% (11/29),30% (13/43),77% (146/190),65% (53/81),87% (470/541),82% (316/385),58%,42%,5,0,9,10,2,2,3,4,3,8,29,18,11,12,0.29,3.29,3.29,0.29
GQkNY1SO,0,0,18,6,0.34,0.32,5,5,1,1,24% (4/17),10% (2/21),2,1,78% (14/18),40% (4/10),47,37,0,0,0,1,10,15,1,0,,,0.69,0.46,0.13,0.09,1,0,13,8,15,24,15,10,0,0,28% (16/57),47% (30/64),66% (68/103),74% (99/134),79% (328/414),85% (463/547),43%,57%,3,3,4,4,6,4,6,3,1,2,19,13,10,8,0.09,0.13,0.13,0.09
6eEuiqrg,2,0,17,39,1.85,0.51,7,1,1,5,50% (13/26),11% (1/9),1,5,56% (9/16),70% (14/20),50,53,0,0,0,0,9,9,1,1,,,3.63,1.20,-0.34,0.18,4,2,3,9,21,13,9,9,1,1,58% (32/55),36% (24/67),77% (134/175),49% (40/82),82% (418/508),71% (225/318),62%,38%,7,2,19,5,7,1,13,1,6,3,38,18,26,6,2.18,1.66,1.66,2.18
zy6dm1sI,0,0,34,34,0.41,0.81,3,4,3,2,17% (3/18),38% (6/16),3,1,50% (14/28),78% (7/9),65,49,0,0,0,0,11,12,0,3,1,1,1.54,1.19,0.45,-0.92,2,2,7,4,22,16,12,11,0,0,45% (23/51),37% (17/46),61% (70/114),59% (47/79),81% (340/419),80% (283/354),54%,46%,3,1,9,5,3,2,6,2,3,4,16,14,12,7,1.08,1.45,1.45,1.08
W2a5ouCU,0,1,33,31,0.27,0.80,0,8,2,4,25% (5/20),28% (5/18),5,1,50% (8/16),46% (13/28),56,69,0,0,1,0,17,13,2,3,,,0.19,1.59,0.48,0.22,0,3,4,9,25,15,13,17,0,1,37% (19/52),33% (19/57),56% (66/117),56% (61/109),83% (394/477),70% (208/296),61%,39%,1,5,3,15,2,5,3,9,1,6,18,29,5,20,0.22,1.48,1.48,0.22
69gE5rcn,0,0,19,28,0.48,1.44,2,2,0,1,50% (8/16),15% (2/13),1,2,57% (13/23),69% (11/16),47,63,0,1,2,1,15,10,2,1,0,1,1.11,1.93,-0.42,-0.85,2,3,10,16,30,23,10,15,0,4,36% (22/61),36% (23/64),58% (66/113),64% (80/125),80% (421/524),74% (275/371),58%,42%,5,4,6,7,6,3,3,2,4,4,22,23,12,10,1.15,2.58,2.58,1.15
80nFzOcC,0,0,20,20,0.84,0.47,6,4,2,2,31% (4/13),33% (5/15),1,4,47% (9/19),41% (12/29),60,56,0,0,1,1,11,17,3,1,1,0,2.35,1.02,0.10,1.18,3,1,18,6,18,20,17,11,1,0,36% (17/47),40% (25/62),78% (111/142),68% (64/94),87% (429/494),81% (337/415),54%,46%,6,2,10,8,3,3,1,6,6,3,27,20,13,11,3.18,0.10,0.10,3.18
fcMuMOrJ,0,0,21,43,0.88,0.52,7,1,2,3,23% (6/26),22% (2/9),1,1,42% (5/12),62% (8/13),51,51,0,1,1,1,17,15,0,0,1,0,0.98,0.69,-0.74,-0.13,4,2,8,2,22,19,15,17,0,0,24% (12/51),31% (15/49),51% (53/104),70% (73/105),69% (170/247),83% (370/445),38%,62%,3,1,8,3,2,2,4,0,3,4,27,17,10,5,1.87,2.26,2.26,1.87
QHUOP6qf,0,1,24,27,2.08,0.74,9,6,1,1,30% (10/33),29% (4/14),3,2,80% (8/10),65% (11/17),41,53,0,1,0,0,12,10,2,1,,,1.76,1.76,0.56,0.38,3,2,8,5,21,17,10,12,2,0,49% (21/43),39% (22/56),82% (113/138),74% (81/110),84% (353/419),83% (328/397),52%,48%,5,1,10,8,3,2,4,6,4,3,38,25,13,10,1.38,0.56,0.56,1.38
OYDhXliK,1,1,21,15,0.90,0.82,1,3,3,3,33% (6/18),12% (3/26),0,3,55% (11/20),58% (7/12),49,45,0,1,0,0,11,11,2,2,,,1.10,0.93,-0.74,-0.17,2,2,7,10,14,16,11,11,0,2,16% (8/49),55% (31/56),56% (62/110),69% (77/112),76% (287/377),86% (442/514),42%,58%,0,1,7,8,1,1,4,7,4,1,21,20,8,9,0.83,0.26,0.26,0.83
K4aORSEs,0,2,35,24,0.99,0.87,2,2,4,3,33% (4/12),27% (3/11),4,1,53% (8/15),47% (8/17),70,47,0,0,2,0,7,15,0,6,,,1.59,2.44,1.54,-0.79,2,3,8,5,19,27,15,7,0,0,45% (31/69),27% (12/44),61% (84/137),68% (81/120),75% (272/362),84% (411/490),42%,58%,1,4,6,7,5,6,7,5,3,4,18,29,11,13,1.21,1.54,1.54,1.21
zFCHVyGF,0,0,7,20,0.90,0.12,2,2,0,2,42% (8/19),20% (1/5),1,0,67% (8/12),67% (12/18),47,34,0,0,0,1,8,11,0,0,1,0,2.88,0.17,0.14,-2.23,3,0,5,6,28,14,11,8,1,0,69% (24/35),35% (13/37),76% (97/127),58% (15/26),92% (549/599),76% (219/290),68%,32%,4,2,13,2,5,1,9,0,5,1,34,6,18,3,2.77,0.14,0.14,2.77
vovkDTal,1,0,32,30,1.13,0.37,8,3,2,4,15% (3/20),29% (5/17),1,3,75% (9/12),67% (14/21),45,64,0,1,0,0,13,16,2,2,,,1.29,0.47,0.24,-0.07,2,0,6,9,24,18,16,13,1,0,45% (23/51),49% (29/59),78% (114/146),59% (58/99),87% (387/447),73% (225/307),59%,41%,5,2,8,3,6,3,5,3,4,1,30,14,14,6,0.93,0.24,0.24,0.93
00ScB7U0,0,0,45,12,0.35,1.52,2,9,1,2,45% (5/11),15% (4/27),2,1,54% (15/28),86% (12/14),62,52,0,0,0,0,11,9,1,0,,,1.22,1.20,0.14,0.36,2,1,11,6,13,23,9,11,1,1,48% (23/48),61% (25/41),53% (31/59),76% (136/180),72% (128/178),88% (514/587),24%,76%,3,8,8,12,1,5,4,7,2,2,25,43,9,17,1.36,0.14,0.14,1.36
8QV59oaD,1,0,29,27,0.49,0.61,4,3,0,1,27% (4/15),21% (5/24),1,0,50% (11/22),44% (8/18),45,48,0,0,0,0,9,5,0,2,,,1.00,0.78,0.70,-0.42,2,2,7,7,11,19,5,9,1,1,26% (15/57),36% (16/44),69% (89/129),77% (138/180),81% (356/442),86% (530/616),42%,58%,1,5,4,6,3,3,4,3,2,1,17,17,7,9,1.58,0.70,0.70,1.58
YsYWNpE6,0,0,23,25,1.56,0.45,7,2,1,4,26% (5/19),36% (4/11),3,4,50% (10/20),67% (16/24),51,47,1,0,1,1,7,12,0,1,,,1.55,1.11,0.08,0.64,2,3,6,7,23,21,12,7,1,0,38% (15/39),34% (20/58),77% (114/149),62% (45/73),87% (456/525),78% (259/331),61%,39%,3,2,6,10,4,2,3,5,4,5,34,26,10,12,0.64,2.08,2.08,0.64
M3ERqSzQ,0,0,29,17,0.66,1.47,7,5,0,1,44% (7/16),20% (3/15),2,3,55% (6/11),68% (13/19),39,45,1,0,1,0,7,10,4,2,0,1,0.73,2.74,0.13,-0.68,1,7,7,4,25,14,10,7,0,1,43% (15/35),40% (17/43),77% (70/91),67% (83/123),86% (339/392),88% (505/577),41%,59%,3,1,9,10,3,2,5,4,4,7,19,26,12,12,0.32,5.13,5.13,0.32
ngWM9fgd,0,0,30,31,0.84,0.44,7,2,0,2,27% (7/26),36% (4/11),1,2,47% (7/15),75% (12/16),45,47,0,0,0,2,6,8,1,2,,,2.14,0.80,0.10,0.07,3,1,9,2,23,21,8,6,0,0,45% (25/56),32% (18/56),73% (107/146),62% (61/98),83% (401/481),79% (324/411),54%,46%,11,3,12,5,9,2,7,3,3,1,28,14,21,7,1.07,0.10,0.10,1.07
jRxEBGOq,1,0,23,30,0.94,0.51,3,4,1,4,20% (3/15),18% (2/11),2,7,50% (11/22),56% (10/18),70,53,1,0,0,0,10,19,1,2,0,1,1.52,1.30,0.21,0.75,0,1,4,4,20,15,19,10,2,1,61% (41/67),41% (20/49),74% (95/128),61% (51/84),83% (393/475),74% (219/294),61%,39%,8,3,15,5,7,4,7,3,7,3,36,20,22,9,0.75,1.21,1.21,0.75
thirHx1M,0,0,19,41,1.34,0.09,11,2,2,3,21% (6/29),0% (0/11),4,2,46% (6/13),81% (13/16),52,47,0,0,1,1,10,12,0,0,,,1.61,0.66,0.26,0.65,2,1,11,7,21,18,12,10,1,0,43% (21/49),42% (18/43),79% (119/151),52% (23/44),90% (510/568),74% (168/226),71%,29%,9,4,11,4,8,7,7,3,3,4,31,8,19,11,0.65,0.26,0.26,0.65
0YV82wnT,0,0,24,27,1.00,0.26,5,5,1,2,21% (5/24),19% (3/16),2,2,58% (7/12),30% (6/20),53,48,0,1,2,0,7,15,2,0,1,0,1.83,1.49,0.47,-0.57,4,1,9,5,19,19,15,7,2,0,33% (18/54),32% (14/44),75% (126/169),51% (35/68),82% (343/417),78% (271/346),54%,46%,2,3,6,7,5,3,4,4,5,3,25,19,11,10,2.43,1.47,1.47,2.43
Kx3ZIbW9,0,0,20,22,0.32,1.46,4,5,1,2,20% (4/20),30% (6/20),0,3,68% (17/25),61% (11/18),42,55,1,0,0,2,13,7,4,0,,,0.56,2.46,-1.73,0.74,0,3,6,7,24,17,7,13,1,1,50% (24/48),43% (13/30),66% (56/85),84% (112/134),83% (326/394),91% (510/563),42%,58%,3,4,6,8,3,7,3,7,3,4,19,28,9,15,0.74,2.27,2.27,0.74
KON04aHG,0,0,27,15,0.61,0.51,4,3,3,3,36% (4/11),21% (3/14),1,3,47% (9/19),53% (8/15),51,44,0,0,0,1,16,15,3,2,,,1.47,0.76,-0.27,0.02,2,1,9,2,10,20,15,16,0,0,56% (28/50),55% (29/53),73% (66/91),64% (64/100),88% (374/427),83% (349/423),50%,50%,1,1,6,5,4,2,5,4,4,2,25,19,10,7,1.02,0.73,0.73,1.02
d4HvcH9j,0,0,32,16,0.32,0.54,5,7,0,1,29% (5/17),19% (5/26),4,2,36% (5/14),58% (7/12),42,46,0,0,1,0,8,10,0,0,2,0,0.75,0.56,0.37,-1.35,2,0,9,4,17,20,10,8,0,0,33% (18/55),44% (26/59),65% (61/94),73% (123/169),77% (250/323),85% (468/550),37%,63%,1,6,9,7,1,5,4,2,5,4,15,28,10,12,1.65,0.37,0.37,1.65
CCaRKK1c,0,0,26,25,1.28,0.98,6,5,,,30% (8/27),21% (3/14),4,3,75% (9/12),33% (2/6),47,45,0,0,1,0,14,8,0,4,,,2.32,0.93,1.07,-0.40,2,0,1,7,17,15,8,14,1,1,48% (20/42),40% (18/45),79% (99/125),66% (63/96),88% (451/511),74% (181/246),67%,33%,1,3,12,7,4,7,9,7,6,4,26,25,16,14,2.60,1.07,1.07,2.60
CbKh6Ln4,0,0,20,22,0.24,0.88,3,6,1,1,27% (3/11),23% (6/26),3,3,45% (5/11),80% (8/10),40,43,0,0,0,0,13,11,2,1,,,0.20,1.44,0.64,0.20,1,2,10,12,18,9,11,13,0,1,29% (17/59),49% (21/43),55% (40/73),76% (122/161),73% (227/310),83% (376/451),40%,60%,0,7,3,9,0,7,0,6,3,3,14,33,3,16,0.20,0.64,0.64,0.20
jqWq8sIi,0,0,41,45,1.07,0.65,6,7,1,2,29% (5/17),25% (5/20),1,6,81% (13/16),60% (12/20),63,52,1,0,0,0,7,10,2,2,,,2.21,1.70,-1.18,-0.95,3,3,4,11,27,17,10,7,0,0,57% (29/51),34% (24/70),68% (97/143),52% (48/92),82% (401/489),70% (209/299),61%,39%,2,3,15,8,4,2,7,4,10,3,36,28,19,10,3.05,0.82,0.82,3.05
